{
    "name": "root",
    "gauges": {
        "Car.Policy.Entropy.mean": {
            "value": 0.8474687933921814,
            "min": 0.5222362875938416,
            "max": 1.3174169063568115,
            "count": 267
        },
        "Car.Policy.Entropy.sum": {
            "value": 8542.4853515625,
            "min": 5214.0068359375,
            "max": 13279.5625,
            "count": 267
        },
        "Car.Step.mean": {
            "value": 2669991.0,
            "min": 9967.0,
            "max": 2669991.0,
            "count": 267
        },
        "Car.Step.sum": {
            "value": 2669991.0,
            "min": 9967.0,
            "max": 2669991.0,
            "count": 267
        },
        "Car.Policy.ExtrinsicValueEstimate.mean": {
            "value": -25.862459182739258,
            "min": -8791.595703125,
            "max": 96.49630737304688,
            "count": 267
        },
        "Car.Policy.ExtrinsicValueEstimate.sum": {
            "value": -4888.0048828125,
            "min": -1389072.125,
            "max": 17948.3125,
            "count": 267
        },
        "Car.Environment.EpisodeLength.mean": {
            "value": 177.21428571428572,
            "min": 127.34782608695652,
            "max": 5768.0,
            "count": 263
        },
        "Car.Environment.EpisodeLength.sum": {
            "value": 9924.0,
            "min": 319.0,
            "max": 47130.0,
            "count": 263
        },
        "Car.Environment.CumulativeReward.mean": {
            "value": -5.662778377532959,
            "min": -714831.053219145,
            "max": 700.6935470104218,
            "count": 263
        },
        "Car.Environment.CumulativeReward.sum": {
            "value": -322.77836751937866,
            "min": -7863141.585410595,
            "max": 6312.1955016851425,
            "count": 263
        },
        "Car.Policy.ExtrinsicReward.mean": {
            "value": -5.662778377532959,
            "min": -714831.053219145,
            "max": 700.6935470104218,
            "count": 263
        },
        "Car.Policy.ExtrinsicReward.sum": {
            "value": -322.77836751937866,
            "min": -7863141.585410595,
            "max": 6312.1955016851425,
            "count": 263
        },
        "Car.IsTraining.mean": {
            "value": 1.0,
            "min": 1.0,
            "max": 1.0,
            "count": 267
        },
        "Car.IsTraining.sum": {
            "value": 1.0,
            "min": 1.0,
            "max": 1.0,
            "count": 267
        },
        "Car.Losses.PolicyLoss.mean": {
            "value": 0.02004937588935718,
            "min": 0.014051582097696762,
            "max": 0.04068819619715214,
            "count": 258
        },
        "Car.Losses.PolicyLoss.sum": {
            "value": 0.02004937588935718,
            "min": 0.014051582097696762,
            "max": 0.04068819619715214,
            "count": 258
        },
        "Car.Losses.ValueLoss.mean": {
            "value": 12796.108642578125,
            "min": 0.4003872245550156,
            "max": 17869162402.133335,
            "count": 258
        },
        "Car.Losses.ValueLoss.sum": {
            "value": 12796.108642578125,
            "min": 0.4003872245550156,
            "max": 17869162402.133335,
            "count": 258
        },
        "Car.Policy.LearningRate.mean": {
            "value": 0.006528149653370363,
            "min": 0.006528149653370363,
            "max": 0.01396582040024414,
            "count": 258
        },
        "Car.Policy.LearningRate.sum": {
            "value": 0.006528149653370363,
            "min": 0.006528149653370363,
            "max": 0.01396582040024414,
            "count": 258
        },
        "Car.Policy.Epsilon.mean": {
            "value": 0.132640748,
            "min": 0.132640748,
            "max": 0.169829102,
            "count": 258
        },
        "Car.Policy.Epsilon.sum": {
            "value": 0.132640748,
            "min": 0.132640748,
            "max": 0.169829102,
            "count": 258
        },
        "Car.Policy.Beta.mean": {
            "value": 0.0016373744359999996,
            "min": 0.0016373744359999996,
            "max": 0.003491479514,
            "count": 258
        },
        "Car.Policy.Beta.sum": {
            "value": 0.0016373744359999996,
            "min": 0.0016373744359999996,
            "max": 0.003491479514,
            "count": 258
        }
    },
    "metadata": {
        "timer_format_version": "0.1.0",
        "start_time_seconds": "1680541443",
        "python_version": "3.10.6 (main, Mar 10 2023, 10:55:28) [GCC 11.3.0]",
        "command_line_arguments": "/home/toldo/Desktop/ULB/AI/NNRL-car/venv/bin/mlagents-learn config/car.yaml --run-id=Test6-T3-no-forward-reward --initialize-from=Test3 --force",
        "mlagents_version": "0.30.0",
        "mlagents_envs_version": "0.30.0",
        "communication_protocol_version": "1.5.0",
        "pytorch_version": "1.11.0+cu102",
        "numpy_version": "1.21.2",
        "end_time_seconds": "1680542662"
    },
    "total": 1218.505240356999,
    "count": 1,
    "self": 0.0033782829996198416,
    "children": {
        "run_training.setup": {
            "total": 0.006855853000161005,
            "count": 1,
            "self": 0.006855853000161005
        },
        "TrainerController.start_learning": {
            "total": 1218.4950062209991,
            "count": 1,
            "self": 0.8437238011920272,
            "children": {
                "TrainerController._reset_env": {
                    "total": 5.034973076999449,
                    "count": 1,
                    "self": 5.034973076999449
                },
                "TrainerController.advance": {
                    "total": 1212.5726050938101,
                    "count": 55851,
                    "self": 0.7063766338105779,
                    "children": {
                        "env_step": {
                            "total": 600.8353321870927,
                            "count": 55851,
                            "self": 556.3455306250562,
                            "children": {
                                "SubprocessEnvManager._take_step": {
                                    "total": 43.999622142964654,
                                    "count": 55851,
                                    "self": 2.6387605021864147,
                                    "children": {
                                        "TorchPolicy.evaluate": {
                                            "total": 41.36086164077824,
                                            "count": 55851,
                                            "self": 41.36086164077824
                                        }
                                    }
                                },
                                "workers": {
                                    "total": 0.4901794190718647,
                                    "count": 55850,
                                    "self": 0.0,
                                    "children": {
                                        "worker_root": {
                                            "total": 1215.9059511198793,
                                            "count": 55850,
                                            "is_parallel": true,
                                            "self": 742.8045811460179,
                                            "children": {
                                                "run_training.setup": {
                                                    "total": 0.0,
                                                    "count": 0,
                                                    "is_parallel": true,
                                                    "self": 0.0,