{
    "name": "root",
    "gauges": {
        "Car.Policy.Entropy.mean": {
            "value": 0.9257928729057312,
            "min": 0.6849887371063232,
            "max": 2.1953275203704834,
            "count": 500
        },
        "Car.Policy.Entropy.sum": {
            "value": 9331.9921875,
            "min": 6674.5302734375,
            "max": 26976.18359375,
            "count": 500
        },
        "Car.Step.mean": {
            "value": 4999962.0,
            "min": 9984.0,
            "max": 4999962.0,
            "count": 500
        },
        "Car.Step.sum": {
            "value": 4999962.0,
            "min": 9984.0,
            "max": 4999962.0,
            "count": 500
        },
        "Car.Policy.ExtrinsicValueEstimate.mean": {
            "value": 46.6113395690918,
            "min": -0.348662406206131,
            "max": 67.5717544555664,
            "count": 500
        },
        "Car.Policy.ExtrinsicValueEstimate.sum": {
            "value": 7690.87109375,
            "min": -56.134647369384766,
            "max": 11081.767578125,
            "count": 500
        },
        "Car.IsTraining.mean": {
            "value": 1.0,
            "min": 1.0,
            "max": 1.0,
            "count": 500
        },
        "Car.IsTraining.sum": {
            "value": 1.0,
            "min": 1.0,
            "max": 1.0,
            "count": 500
        },
        "Car.Losses.PolicyLoss.mean": {
            "value": 0.05081787513103336,
            "min": 0.04105239069554955,
            "max": 0.05781751007307321,
            "count": 483
        },
        "Car.Losses.PolicyLoss.sum": {
            "value": 0.05081787513103336,
            "min": 0.04105239069554955,
            "max": 0.05781751007307321,
            "count": 483
        },
        "Car.Losses.ValueLoss.mean": {
            "value": 96.76539009094239,
            "min": 0.0005640753585612401,
            "max": 165.8185460281372,
            "count": 483
        },
        "Car.Losses.ValueLoss.sum": {
            "value": 96.76539009094239,
            "min": 0.0005640753585612401,
            "max": 165.8185460281372,
            "count": 483
        },
        "Car.Policy.LearningRate.mean": {
            "value": 3.510998830000014e-07,
            "min": 3.510998830000014e-07,
            "max": 0.00029926272024576007,
            "count": 483
        },
        "Car.Policy.LearningRate.sum": {
            "value": 3.510998830000014e-07,
            "min": 3.510998830000014e-07,
            "max": 0.00029926272024576007,
            "count": 483
        },
        "Car.Policy.Epsilon.mean": {
            "value": 0.10011700000000001,
            "min": 0.10011700000000001,
            "max": 0.19975424,
            "count": 483
        },
        "Car.Policy.Epsilon.sum": {
            "value": 0.10011700000000001,
            "min": 0.10011700000000001,
            "max": 0.19975424,
            "count": 483
        },
        "Car.Policy.Beta.mean": {
            "value": 2.168830000000004e-05,
            "min": 2.168830000000004e-05,
            "max": 0.009975448575999999,
            "count": 483
        },
        "Car.Policy.Beta.sum": {
            "value": 2.168830000000004e-05,
            "min": 2.168830000000004e-05,
            "max": 0.009975448575999999,
            "count": 483
        },
        "Car.Environment.EpisodeLength.mean": {
            "value": 666.2631578947369,
            "min": 131.0,
            "max": 1271.4,
            "count": 499
        },
        "Car.Environment.EpisodeLength.sum": {
            "value": 12659.0,
            "min": 262.0,
            "max": 22922.0,
            "count": 499
        },
        "Car.Environment.CumulativeReward.mean": {
            "value": 412.98302823176806,
            "min": -9.97982482612133,
            "max": 975.973982371157,
            "count": 499
        },
        "Car.Environment.CumulativeReward.sum": {
            "value": 7846.677536403593,
            "min": -39.5046155832606,
            "max": 11551.719635456015,
            "count": 499
        },
        "Car.Policy.ExtrinsicReward.mean": {
            "value": 412.98302823176806,
            "min": -9.97982482612133,
            "max": 975.973982371157,
            "count": 499
        },
        "Car.Policy.ExtrinsicReward.sum": {
            "value": 7846.677536403593,
            "min": -39.5046155832606,
            "max": 11551.719635456015,
            "count": 499
        }
    },
    "metadata": {
        "timer_format_version": "0.1.0",
        "start_time_seconds": "1697044336",
        "python_version": "3.9.18 (main, Aug 25 2023, 13:20:14) \n[GCC 11.4.0]",
        "command_line_arguments": "/home/toldo/Desktop/UniPD/AI/venv/bin/mlagents-learn ./config/car_unipd_3layer_linear.yaml --run-id=AI-UniPD-3layer-linear --torch-device=cuda --width 1024 --height 768 --env game/train_env.x86_64 --no-graphics --time-scale 5 --seed 100 --force --base-port 5007",
        "mlagents_version": "0.30.0",
        "mlagents_envs_version": "0.30.0",
        "communication_protocol_version": "1.5.0",
        "pytorch_version": "1.11.0+cu102",
        "numpy_version": "1.21.2",
        "end_time_seconds": "1697048529"
    },
    "total": 4192.849222944999,
    "count": 1,
    "self": 0.32039168199935375,
    "children": {
        "run_training.setup": {
            "total": 0.021629328000017267,
            "count": 1,
            "self": 0.021629328000017267
        },
        "TrainerController.start_learning": {
            "total": 4192.507201935,
            "count": 1,
            "self": 3.1905827177242827,
            "children": {
                "TrainerController._reset_env": {
                    "total": 2.74912341199979,
                    "count": 1,
                    "self": 2.74912341199979
                },
                "TrainerController.advance": {
                    "total": 4186.478644854277,
                    "count": 104201,
                    "self": 3.035657438858834,
                    "children": {
                        "env_step": {
                            "total": 1590.354549359391,
                            "count": 104201,
                            "self": 1339.9113737208436,
                            "children": {
                                "SubprocessEnvManager._take_step": {
                                    "total": 248.77418352325276,
                                    "count": 104201,
                                    "self": 10.610759803510518,
                                    "children": {
                                        "TorchPolicy.evaluate": {
                                            "total": 238.16342371974224,
                                            "count": 104201,
                                            "self": 238.16342371974224
                                        }
                                    }
                                },
                                "workers": {
                                    "total": 1.6689921152947136,
                                    "count": 104201,
                                    "self": 0.0,
                                    "children": {
                                        "worker_root": {
                                            "total": 4188.870480487812,
                                            "count": 104201,
                                            "is_parallel": true,
                                            "self": 3147.3082610857355,
                                            "children": {
                                                "run_training.setup": {
                                                    "total": 0.0,
                                                    "count": 0,
                                                    "is_parallel": true,
                                                    "self": 0.0,