{
    "name": "root",
    "gauges": {
        "Car.Policy.Entropy.mean": {
            "value": 1.3646621704101562,
            "min": 1.12136709690094,
            "max": 2.1969845294952393,
            "count": 500
        },
        "Car.Policy.Entropy.sum": {
            "value": 13690.291015625,
            "min": 11034.251953125,
            "max": 26996.546875,
            "count": 500
        },
        "Car.Step.mean": {
            "value": 4999971.0,
            "min": 9984.0,
            "max": 4999971.0,
            "count": 500
        },
        "Car.Step.sum": {
            "value": 4999971.0,
            "min": 9984.0,
            "max": 4999971.0,
            "count": 500
        },
        "Car.Policy.ExtrinsicValueEstimate.mean": {
            "value": 47.884124755859375,
            "min": -0.39760005474090576,
            "max": 64.49968719482422,
            "count": 500
        },
        "Car.Policy.ExtrinsicValueEstimate.sum": {
            "value": 7852.99658203125,
            "min": -64.80880737304688,
            "max": 10513.44921875,
            "count": 500
        },
        "Car.IsTraining.mean": {
            "value": 1.0,
            "min": 1.0,
            "max": 1.0,
            "count": 500
        },
        "Car.IsTraining.sum": {
            "value": 1.0,
            "min": 1.0,
            "max": 1.0,
            "count": 500
        },
        "Car.Losses.PolicyLoss.mean": {
            "value": 0.04626948227873072,
            "min": 0.04163580516120419,
            "max": 0.05702810195740313,
            "count": 483
        },
        "Car.Losses.PolicyLoss.sum": {
            "value": 0.04626948227873072,
            "min": 0.04163580516120419,
            "max": 0.05702810195740313,
            "count": 483
        },
        "Car.Losses.ValueLoss.mean": {
            "value": 50.174496183395384,
            "min": 0.001379417257218544,
            "max": 77.77952590942382,
            "count": 483
        },
        "Car.Losses.ValueLoss.sum": {
            "value": 50.174496183395384,
            "min": 0.001379417257218544,
            "max": 77.77952590942382,
            "count": 483
        },
        "Car.Policy.LearningRate.mean": {
            "value": 0.0003,
            "min": 0.0003,
            "max": 0.00030000000000000003,
            "count": 483
        },
        "Car.Policy.LearningRate.sum": {
            "value": 0.0003,
            "min": 0.0003,
            "max": 0.00030000000000000003,
            "count": 483
        },
        "Car.Policy.Epsilon.mean": {
            "value": 0.2,
            "min": 0.2,
            "max": 0.20000000000000004,
            "count": 483
        },
        "Car.Policy.Epsilon.sum": {
            "value": 0.2,
            "min": 0.2,
            "max": 0.20000000000000004,
            "count": 483
        },
        "Car.Policy.Beta.mean": {
            "value": 0.009999999999999998,
            "min": 0.009999999999999998,
            "max": 0.01,
            "count": 483
        },
        "Car.Policy.Beta.sum": {
            "value": 0.009999999999999998,
            "min": 0.009999999999999998,
            "max": 0.01,
            "count": 483
        },
        "Car.Environment.EpisodeLength.mean": {
            "value": 626.9411764705883,
            "min": 236.0,
            "max": 678.25,
            "count": 498
        },
        "Car.Environment.EpisodeLength.sum": {
            "value": 10658.0,
            "min": 472.0,
            "max": 22954.0,
            "count": 498
        },
        "Car.Environment.CumulativeReward.mean": {
            "value": 399.79025987772826,
            "min": -9.950661021051928,
            "max": 578.0559043767031,
            "count": 499
        },
        "Car.Environment.CumulativeReward.sum": {
            "value": 6796.43441792138,
            "min": -55.22335619434307,
            "max": 9719.50618253299,
            "count": 499
        },
        "Car.Policy.ExtrinsicReward.mean": {
            "value": 399.79025987772826,
            "min": -9.950661021051928,
            "max": 578.0559043767031,
            "count": 499
        },
        "Car.Policy.ExtrinsicReward.sum": {
            "value": 6796.43441792138,
            "min": -55.22335619434307,
            "max": 9719.50618253299,
            "count": 499
        }
    },
    "metadata": {
        "timer_format_version": "0.1.0",
        "start_time_seconds": "1697054738",
        "python_version": "3.9.18 (main, Aug 25 2023, 13:20:14) \n[GCC 11.4.0]",
        "command_line_arguments": "/home/toldo/Desktop/UniPD/AI/venv/bin/mlagents-learn ./config/car_unipd_5layer.yaml --run-id=AI-UniPD-5layer-constant --torch-device=cuda --width 1024 --height 768 --env game/train_env.x86_64 --no-graphics --time-scale 5 --seed 100 --base-port 5005",
        "mlagents_version": "0.30.0",
        "mlagents_envs_version": "0.30.0",
        "communication_protocol_version": "1.5.0",
        "pytorch_version": "1.11.0+cu102",
        "numpy_version": "1.21.2",
        "end_time_seconds": "1697059080"
    },
    "total": 4341.406423696,
    "count": 1,
    "self": 0.6260499409982003,
    "children": {
        "run_training.setup": {
            "total": 0.029956915001093876,
            "count": 1,
            "self": 0.029956915001093876
        },
        "TrainerController.start_learning": {
            "total": 4340.750416840001,
            "count": 1,
            "self": 3.114218168095249,
            "children": {
                "TrainerController._reset_env": {
                    "total": 3.632213425000373,
                    "count": 1,
                    "self": 3.632213425000373
                },
                "TrainerController.advance": {
                    "total": 4333.893329173905,
                    "count": 104199,
                    "self": 3.1908559599833097,
                    "children": {
                        "env_step": {
                            "total": 1646.2096455319406,
                            "count": 104199,
                            "self": 1377.4770769713941,
                            "children": {
                                "SubprocessEnvManager._take_step": {
                                    "total": 267.0256641003798,
                                    "count": 104199,
                                    "self": 11.32793513038996,
                                    "children": {
                                        "TorchPolicy.evaluate": {
                                            "total": 255.69772896998984,
                                            "count": 104199,
                                            "self": 255.69772896998984
                                        }
                                    }
                                },
                                "workers": {
                                    "total": 1.7069044601666974,
                                    "count": 104199,
                                    "self": 0.0,
                                    "children": {
                                        "worker_root": {
                                            "total": 4336.972898780066,
                                            "count": 104199,
                                            "is_parallel": true,
                                            "self": 3271.878765073914,
                                            "children": {
                                                "run_training.setup": {
                                                    "total": 0.0,
                                                    "count": 0,
                                                    "is_parallel": true,
                                                    "self": 0.0,