{
    "name": "root",
    "gauges": {
        "Car.Policy.Entropy.mean": {
            "value": 1.2249622344970703,
            "min": 1.0116302967071533,
            "max": 2.1969845294952393,
            "count": 500
        },
        "Car.Policy.Entropy.sum": {
            "value": 12465.2158203125,
            "min": 10128.1318359375,
            "max": 26996.546875,
            "count": 500
        },
        "Car.Step.mean": {
            "value": 4999989.0,
            "min": 9984.0,
            "max": 4999989.0,
            "count": 500
        },
        "Car.Step.sum": {
            "value": 4999989.0,
            "min": 9984.0,
            "max": 4999989.0,
            "count": 500
        },
        "Car.Policy.ExtrinsicValueEstimate.mean": {
            "value": 26.095842361450195,
            "min": -0.5065445303916931,
            "max": 36.04823684692383,
            "count": 500
        },
        "Car.Policy.ExtrinsicValueEstimate.sum": {
            "value": 4227.5263671875,
            "min": -82.56675720214844,
            "max": 5947.958984375,
            "count": 500
        },
        "Car.IsTraining.mean": {
            "value": 1.0,
            "min": 1.0,
            "max": 1.0,
            "count": 500
        },
        "Car.IsTraining.sum": {
            "value": 1.0,
            "min": 1.0,
            "max": 1.0,
            "count": 500
        },
        "Car.Losses.PolicyLoss.mean": {
            "value": 0.052742223874665796,
            "min": 0.04013536412268877,
            "max": 0.05827770216856152,
            "count": 484
        },
        "Car.Losses.PolicyLoss.sum": {
            "value": 0.052742223874665796,
            "min": 0.04013536412268877,
            "max": 0.05827770216856152,
            "count": 484
        },
        "Car.Losses.ValueLoss.mean": {
            "value": 31.870418872833252,
            "min": 0.0010041235573589801,
            "max": 58.34001265525818,
            "count": 484
        },
        "Car.Losses.ValueLoss.sum": {
            "value": 31.870418872833252,
            "min": 0.0010041235573589801,
            "max": 58.34001265525818,
            "count": 484
        },
        "Car.Policy.LearningRate.mean": {
            "value": 7.599997799856718e-10,
            "min": 7.599997799856718e-10,
            "max": 0.00029926272024576007,
            "count": 484
        },
        "Car.Policy.LearningRate.sum": {
            "value": 7.599997799856718e-10,
            "min": 7.599997799856718e-10,
            "max": 0.00029926272024576007,
            "count": 484
        },
        "Car.Policy.Epsilon.mean": {
            "value": 0.10000022000000001,
            "min": 0.10000022000000001,
            "max": 0.19975424,
            "count": 484
        },
        "Car.Policy.Epsilon.sum": {
            "value": 0.10000022000000001,
            "min": 0.10000022000000001,
            "max": 0.19975424,
            "count": 484
        },
        "Car.Policy.Beta.mean": {
            "value": 1.0021977999999524e-05,
            "min": 1.0021977999999524e-05,
            "max": 0.009975448575999999,
            "count": 484
        },
        "Car.Policy.Beta.sum": {
            "value": 1.0021977999999524e-05,
            "min": 1.0021977999999524e-05,
            "max": 0.009975448575999999,
            "count": 484
        },
        "Car.Environment.EpisodeLength.mean": {
            "value": 693.6875,
            "min": 149.0,
            "max": 858.2307692307693,
            "count": 499
        },
        "Car.Environment.EpisodeLength.sum": {
            "value": 11099.0,
            "min": 298.0,
            "max": 22954.0,
            "count": 499
        },
        "Car.Environment.CumulativeReward.mean": {
            "value": 242.8417157254189,
            "min": -10.24951361771673,
            "max": 316.8777664925215,
            "count": 499
        },
        "Car.Environment.CumulativeReward.sum": {
            "value": 3885.4674516067025,
            "min": -50.78632994618965,
            "max": 6020.677563357909,
            "count": 499
        },
        "Car.Policy.ExtrinsicReward.mean": {
            "value": 242.8417157254189,
            "min": -10.24951361771673,
            "max": 316.8777664925215,
            "count": 499
        },
        "Car.Policy.ExtrinsicReward.sum": {
            "value": 3885.4674516067025,
            "min": -50.78632994618965,
            "max": 6020.677563357909,
            "count": 499
        }
    },
    "metadata": {
        "timer_format_version": "0.1.0",
        "start_time_seconds": "1697054739",
        "python_version": "3.9.18 (main, Aug 25 2023, 13:20:14) \n[GCC 11.4.0]",
        "command_line_arguments": "/home/toldo/Desktop/UniPD/AI/venv/bin/mlagents-learn ./config/car_unipd_5layer_linear.yaml --run-id=AI-UniPD-5layer-linear --torch-device=cuda --width 1024 --height 768 --env game/train_env.x86_64 --no-graphics --time-scale 5 --seed 100 --base-port 5007",
        "mlagents_version": "0.30.0",
        "mlagents_envs_version": "0.30.0",
        "communication_protocol_version": "1.5.0",
        "pytorch_version": "1.11.0+cu102",
        "numpy_version": "1.21.2",
        "end_time_seconds": "1697059083"
    },
    "total": 4343.9049049219975,
    "count": 1,
    "self": 0.320196060998569,
    "children": {
        "run_training.setup": {
            "total": 0.02294815999994171,
            "count": 1,
            "self": 0.02294815999994171
        },
        "TrainerController.start_learning": {
            "total": 4343.561760700999,
            "count": 1,
            "self": 3.097243060801702,
            "children": {
                "TrainerController._reset_env": {
                    "total": 3.002943294002762,
                    "count": 1,
                    "self": 3.002943294002762
                },
                "TrainerController.advance": {
                    "total": 4337.364638242194,
                    "count": 104203,
                    "self": 3.030619296372606,
                    "children": {
                        "env_step": {
                            "total": 1641.305146748051,
                            "count": 104203,
                            "self": 1372.6579774647907,
                            "children": {
                                "SubprocessEnvManager._take_step": {
                                    "total": 266.97552246765554,
                                    "count": 104203,
                                    "self": 11.153106812020269,
                                    "children": {
                                        "TorchPolicy.evaluate": {
                                            "total": 255.82241565563527,
                                            "count": 104203,
                                            "self": 255.82241565563527
                                        }
                                    }
                                },
                                "workers": {
                                    "total": 1.6716468156046176,
                                    "count": 104203,
                                    "self": 0.0,
                                    "children": {
                                        "worker_root": {
                                            "total": 4339.815467350541,
                                            "count": 104203,
                                            "is_parallel": true,
                                            "self": 3278.8925759530903,
                                            "children": {
                                                "run_training.setup": {
                                                    "total": 0.0,
                                                    "count": 0,
                                                    "is_parallel": true,