{
    "name": "root",
    "gauges": {
        "Car.Policy.Entropy.mean": {
            "value": 2.0443904399871826,
            "min": 1.963889479637146,
            "max": 2.1935839653015137,
            "count": 75
        },
        "Car.Policy.Entropy.sum": {
            "value": 20214.93359375,
            "min": 18504.77734375,
            "max": 26954.759765625,
            "count": 75
        },
        "Car.Step.mean": {
            "value": 749983.0,
            "min": 9984.0,
            "max": 749983.0,
            "count": 75
        },
        "Car.Step.sum": {
            "value": 749983.0,
            "min": 9984.0,
            "max": 749983.0,
            "count": 75
        },
        "Car.Policy.ExtrinsicValueEstimate.mean": {
            "value": 0.05431521683931351,
            "min": -1.4104132652282715,
            "max": 0.09119304269552231,
            "count": 75
        },
        "Car.Policy.ExtrinsicValueEstimate.sum": {
            "value": 8.85338020324707,
            "min": -221.4348907470703,
            "max": 15.229238510131836,
            "count": 75
        },
        "Car.IsTraining.mean": {
            "value": 1.0,
            "min": 1.0,
            "max": 1.0,
            "count": 75
        },
        "Car.IsTraining.sum": {
            "value": 1.0,
            "min": 1.0,
            "max": 1.0,
            "count": 75
        },
        "Car.Losses.PolicyLoss.mean": {
            "value": 0.020386427299429973,
            "min": 0.016572775319218636,
            "max": 0.04214990658349254,
            "count": 71
        },
        "Car.Losses.PolicyLoss.sum": {
            "value": 0.020386427299429973,
            "min": 0.016572775319218636,
            "max": 0.04214990658349254,
            "count": 71
        },
        "Car.Losses.ValueLoss.mean": {
            "value": 0.08247482276832065,
            "min": 0.0011614569753874092,
            "max": 2.084268004530006,
            "count": 71
        },
        "Car.Losses.ValueLoss.sum": {
            "value": 0.08247482276832065,
            "min": 0.0011614569753874092,
            "max": 2.084268004530006,
            "count": 71
        },
        "Car.Policy.LearningRate.mean": {
            "value": 0.01703899601480502,
            "min": 0.01703899601480502,
            "max": 0.019950848000245755,
            "count": 71
        },
        "Car.Policy.LearningRate.sum": {
            "value": 0.01703899601480502,
            "min": 0.01703899601480502,
            "max": 0.019950848000245755,
            "count": 71
        },
        "Car.Policy.Epsilon.mean": {
            "value": 0.18519498000000006,
            "min": 0.18519498000000006,
            "max": 0.19975424,
            "count": 71
        },
        "Car.Policy.Epsilon.sum": {
            "value": 0.18519498000000006,
            "min": 0.18519498000000006,
            "max": 0.19975424,
            "count": 71
        },
        "Car.Policy.Beta.mean": {
            "value": 0.004261229502000001,
            "min": 0.004261229502000001,
            "max": 0.004987736576,
            "count": 71
        },
        "Car.Policy.Beta.sum": {
            "value": 0.004261229502000001,
            "min": 0.004261229502000001,
            "max": 0.004987736576,
            "count": 71
        },
        "Car.Environment.EpisodeLength.mean": {
            "value": 580.2307692307693,
            "min": 223.75,
            "max": 646.6363636363636,
            "count": 74
        },
        "Car.Environment.EpisodeLength.sum": {
            "value": 7543.0,
            "min": 1305.0,
            "max": 22455.0,
            "count": 74
        },
        "Car.Environment.CumulativeReward.mean": {
            "value": 1.0,
            "min": -10.0,
            "max": 1.0,
            "count": 74
        },
        "Car.Environment.CumulativeReward.sum": {
            "value": 13.0,
            "min": -216.0903890132904,
            "max": 21.0,
            "count": 74
        },
        "Car.Policy.ExtrinsicReward.mean": {
            "value": 1.0,
            "min": -10.0,
            "max": 1.0,
            "count": 74
        },
        "Car.Policy.ExtrinsicReward.sum": {
            "value": 13.0,
            "min": -216.0903890132904,
            "max": 21.0,
            "count": 74
        }
    },
    "metadata": {
        "timer_format_version": "0.1.0",
        "start_time_seconds": "1680703410",
        "python_version": "3.10.6 (main, Mar 10 2023, 10:55:28) [GCC 11.3.0]",
        "command_line_arguments": "/home/toldo/Desktop/ULB/AI/NNRL-car/venv/bin/mlagents-learn config/car.yaml --run-id=Test2-Cuda --torch-device=cuda",
        "mlagents_version": "0.30.0",
        "mlagents_envs_version": "0.30.0",
        "communication_protocol_version": "1.5.0",
        "pytorch_version": "1.11.0+cu113",
        "numpy_version": "1.21.2",
        "end_time_seconds": "1680703741"
    },
    "total": 330.985934219,
    "count": 1,
    "self": 0.0033044310000605037,
    "children": {
        "run_training.setup": {
            "total": 0.007160683999927642,
            "count": 1,
            "self": 0.007160683999927642
        },
        "TrainerController.start_learning": {
            "total": 330.975469104,
            "count": 1,
            "self": 0.29310882198024046,
            "children": {
                "TrainerController._reset_env": {
                    "total": 8.144823788999929,
                    "count": 1,
                    "self": 8.144823788999929
                },
                "TrainerController.advance": {
                    "total": 322.48270624501924,
                    "count": 15667,
                    "self": 0.2959865880209236,
                    "children": {
                        "env_step": {
                            "total": 194.07890993201954,
                            "count": 15667,
                            "self": 171.93913743300595,
                            "children": {
                                "SubprocessEnvManager._take_step": {
                                    "total": 21.977086165017454,
                                    "count": 15667,
                                    "self": 0.8621399390515307,
                                    "children": {
                                        "TorchPolicy.evaluate": {
                                            "total": 21.114946225965923,
                                            "count": 15667,
                                            "self": 21.114946225965923
                                        }
                                    }
                                },
                                "workers": {
                                    "total": 0.16268633399613464,
                                    "count": 15666,
                                    "self": 0.0,
                                    "children": {
                                        "worker_root": {
                                            "total": 328.6545355620103,
                                            "count": 15666,
                                            "is_parallel": true,
                                            "self": 183.31757504601433,
                                            "children": {
                                                "run_training.setup": {
                                                    "total": 0.0,
                                                    "count": 0,
                                                    "is_parallel": true,
                                                    "self": 0.0,
                                                    "children": {
                                                        "steps_from_proto": {
                                                            "total": 0.00091534800003501,
                                                            "count": 1,