{
    "name": "root",
    "gauges": {
        "Car.Policy.Entropy.mean": {
            "value": 0.37285828590393066,
            "min": 0.356506884098053,
            "max": 2.193528890609741,
            "count": 500
        },
        "Car.Policy.Entropy.sum": {
            "value": 3722.6171875,
            "min": 3492.30615234375,
            "max": 26954.083984375,
            "count": 500
        },
        "Car.Step.mean": {
            "value": 4999937.0,
            "min": 9984.0,
            "max": 4999937.0,
            "count": 500
        },
        "Car.Step.sum": {
            "value": 4999937.0,
            "min": 9984.0,
            "max": 4999937.0,
            "count": 500
        },
        "Car.Policy.ExtrinsicValueEstimate.mean": {
            "value": 31.09879493713379,
            "min": -0.6096836924552917,
            "max": 34.169795989990234,
            "count": 500
        },
        "Car.Policy.ExtrinsicValueEstimate.sum": {
            "value": 4851.412109375,
            "min": -102.42686462402344,
            "max": 5330.48828125,
            "count": 500
        },
        "Car.IsTraining.mean": {
            "value": 1.0,
            "min": 1.0,
            "max": 1.0,
            "count": 500
        },
        "Car.IsTraining.sum": {
            "value": 1.0,
            "min": 1.0,
            "max": 1.0,
            "count": 500
        },
        "Car.Losses.PolicyLoss.mean": {
            "value": 0.04943057944377263,
            "min": 0.03848852658411488,
            "max": 0.05965166763247301,
            "count": 483
        },
        "Car.Losses.PolicyLoss.sum": {
            "value": 0.04943057944377263,
            "min": 0.03848852658411488,
            "max": 0.05965166763247301,
            "count": 483
        },
        "Car.Losses.ValueLoss.mean": {
            "value": 0.6641917996108532,
            "min": 0.00653691504137694,
            "max": 29.92915987968445,
            "count": 483
        },
        "Car.Losses.ValueLoss.sum": {
            "value": 0.6641917996108532,
            "min": 0.00653691504137694,
            "max": 29.92915987968445,
            "count": 483
        },
        "Car.Policy.LearningRate.mean": {
            "value": 1.2991598144199739e-06,
            "min": 1.2991598144199739e-06,
            "max": 0.0006982796802457601,
            "count": 483
        },
        "Car.Policy.LearningRate.sum": {
            "value": 1.2991598144199739e-06,
            "min": 1.2991598144199739e-06,
            "max": 0.0006982796802457601,
            "count": 483
        },
        "Car.Policy.Epsilon.mean": {
            "value": 0.10018558,
            "min": 0.10018558,
            "max": 0.19975424000000006,
            "count": 483
        },
        "Car.Policy.Epsilon.sum": {
            "value": 0.10018558,
            "min": 0.10018558,
            "max": 0.19975424000000006,
            "count": 483
        },
        "Car.Policy.Beta.mean": {
            "value": 1.0909341999999985e-05,
            "min": 1.0909341999999985e-05,
            "max": 0.0004987957760000001,
            "count": 483
        },
        "Car.Policy.Beta.sum": {
            "value": 1.0909341999999985e-05,
            "min": 1.0909341999999985e-05,
            "max": 0.0004987957760000001,
            "count": 483
        },
        "Car.Environment.EpisodeLength.mean": {
            "value": 5930.0,
            "min": 133.0,
            "max": 15334.0,
            "count": 484
        },
        "Car.Environment.EpisodeLength.sum": {
            "value": 11860.0,
            "min": 133.0,
            "max": 55790.0,
            "count": 484
        },
        "Car.Environment.CumulativeReward.mean": {
            "value": 1886.4349371790886,
            "min": -23.886728286743164,
            "max": 4999.457406282425,
            "count": 484
        },
        "Car.Environment.CumulativeReward.sum": {
            "value": 3772.869874358177,
            "min": -102.18928122520447,
            "max": 16416.33346772194,
            "count": 484
        },
        "Car.Policy.ExtrinsicReward.mean": {
            "value": 1886.4349371790886,
            "min": -23.886728286743164,
            "max": 4999.457406282425,
            "count": 484
        },
        "Car.Policy.ExtrinsicReward.sum": {
            "value": 3772.869874358177,
            "min": -102.18928122520447,
            "max": 16416.33346772194,
            "count": 484
        }
    },
    "metadata": {
        "timer_format_version": "0.1.0",
        "start_time_seconds": "1682450907",
        "python_version": "3.10.6 (main, Mar 10 2023, 10:55:28) [GCC 11.3.0]",
        "command_line_arguments": "/home/toldo/Desktop/ULB/AI/NNRL-car/venv/bin/mlagents-learn config/car_4l128n.yaml --torch-device=cuda --run-id=test4l128n-lr7",
        "mlagents_version": "0.30.0",
        "mlagents_envs_version": "0.30.0",
        "communication_protocol_version": "1.5.0",
        "pytorch_version": "1.11.0+cu113",
        "numpy_version": "1.21.2",
        "end_time_seconds": "1682454238"
    },
    "total": 3331.1052100220004,
    "count": 1,
    "self": 0.004576500999974087,
    "children": {
        "run_training.setup": {
            "total": 0.008672494001075393,
            "count": 1,
            "self": 0.008672494001075393
        },
        "TrainerController.start_learning": {
            "total": 3331.0919610269993,
            "count": 1,
            "self": 1.8387933341546159,
            "children": {
                "TrainerController._reset_env": {
                    "total": 6.14672298000005,
                    "count": 1,
                    "self": 6.14672298000005
                },
                "TrainerController.advance": {
                    "total": 3323.0468189848434,
                    "count": 104195,
                    "self": 1.7719714435879723,
                    "children": {
                        "env_step": {
                            "total": 2198.6809249522594,
                            "count": 104195,
                            "self": 2041.6851491581692,
                            "children": {
                                "SubprocessEnvManager._take_step": {
                                    "total": 155.8727817885665,
                                    "count": 104195,
                                    "self": 5.658408900428185,
                                    "children": {
                                        "TorchPolicy.evaluate": {
                                            "total": 150.2143728881383,
                                            "count": 104195,
                                            "self": 150.2143728881383
                                        }
                                    }
                                },
                                "workers": {
                                    "total": 1.1229940055236511,
                                    "count": 104195,
                                    "self": 0.0,
                                    "children": {
                                        "worker_root": {
                                            "total": 3329.0711484677886,
                                            "count": 104195,
                                            "is_parallel": true,
                                            "self": 1456.9204691498453,
                                            "children": {
                                                "run_training.setup": {
                                                    "total": 0.0,
                                                    "count": 0,
                                                    "is_parallel": true,
                                                    "self": 0.0,