{
    "name": "root",
    "gauges": {
        "Car.Policy.Entropy.mean": {
            "value": 1.2296578884124756,
            "min": 1.0908387899398804,
            "max": 2.1953275203704834,
            "count": 500
        },
        "Car.Policy.Entropy.sum": {
            "value": 12335.927734375,
            "min": 10838.57421875,
            "max": 26976.18359375,
            "count": 500
        },
        "Car.Step.mean": {
            "value": 4999969.0,
            "min": 9984.0,
            "max": 4999969.0,
            "count": 500
        },
        "Car.Step.sum": {
            "value": 4999969.0,
            "min": 9984.0,
            "max": 4999969.0,
            "count": 500
        },
        "Car.Policy.ExtrinsicValueEstimate.mean": {
            "value": 46.945892333984375,
            "min": -0.2894187271595001,
            "max": 53.326820373535156,
            "count": 500
        },
        "Car.Policy.ExtrinsicValueEstimate.sum": {
            "value": 7605.234375,
            "min": -49.2011833190918,
            "max": 8637.6376953125,
            "count": 500
        },
        "Car.IsTraining.mean": {
            "value": 1.0,
            "min": 1.0,
            "max": 1.0,
            "count": 500
        },
        "Car.IsTraining.sum": {
            "value": 1.0,
            "min": 1.0,
            "max": 1.0,
            "count": 500
        },
        "Car.Losses.PolicyLoss.mean": {
            "value": 0.05366290892241523,
            "min": 0.0429221298568882,
            "max": 0.0571209565945901,
            "count": 483
        },
        "Car.Losses.PolicyLoss.sum": {
            "value": 0.05366290892241523,
            "min": 0.0429221298568882,
            "max": 0.0571209565945901,
            "count": 483
        },
        "Car.Losses.ValueLoss.mean": {
            "value": 54.83446319580078,
            "min": 0.0014086457795645223,
            "max": 96.12420909881592,
            "count": 483
        },
        "Car.Losses.ValueLoss.sum": {
            "value": 54.83446319580078,
            "min": 0.0014086457795645223,
            "max": 96.12420909881592,
            "count": 483
        },
        "Car.Policy.LearningRate.mean": {
            "value": 0.0003,
            "min": 0.0003,
            "max": 0.00030000000000000003,
            "count": 483
        },
        "Car.Policy.LearningRate.sum": {
            "value": 0.0003,
            "min": 0.0003,
            "max": 0.00030000000000000003,
            "count": 483
        },
        "Car.Policy.Epsilon.mean": {
            "value": 0.2,
            "min": 0.2,
            "max": 0.20000000000000004,
            "count": 483
        },
        "Car.Policy.Epsilon.sum": {
            "value": 0.2,
            "min": 0.2,
            "max": 0.20000000000000004,
            "count": 483
        },
        "Car.Policy.Beta.mean": {
            "value": 0.009999999999999998,
            "min": 0.009999999999999997,
            "max": 0.01,
            "count": 483
        },
        "Car.Policy.Beta.sum": {
            "value": 0.009999999999999998,
            "min": 0.009999999999999997,
            "max": 0.01,
            "count": 483
        },
        "Car.Environment.EpisodeLength.mean": {
            "value": 504.2307692307692,
            "min": 153.66666666666666,
            "max": 1142.5,
            "count": 499
        },
        "Car.Environment.EpisodeLength.sum": {
            "value": 6555.0,
            "min": 461.0,
            "max": 22443.0,
            "count": 499
        },
        "Car.Environment.CumulativeReward.mean": {
            "value": 140.57736510550617,
            "min": -9.96372682088986,
            "max": 572.5633176569546,
            "count": 499
        },
        "Car.Environment.CumulativeReward.sum": {
            "value": 1827.5057463715802,
            "min": -62.78446635972068,
            "max": 8588.449764854318,
            "count": 499
        },
        "Car.Policy.ExtrinsicReward.mean": {
            "value": 140.57736510550617,
            "min": -9.96372682088986,
            "max": 572.5633176569546,
            "count": 499
        },
        "Car.Policy.ExtrinsicReward.sum": {
            "value": 1827.5057463715802,
            "min": -62.78446635972068,
            "max": 8588.449764854318,
            "count": 499
        }
    },
    "metadata": {
        "timer_format_version": "0.1.0",
        "start_time_seconds": "1697044302",
        "python_version": "3.9.18 (main, Aug 25 2023, 13:20:14) \n[GCC 11.4.0]",
        "command_line_arguments": "/home/toldo/Desktop/UniPD/AI/venv/bin/mlagents-learn ./config/car_unipd_3layer.yaml --run-id=AI-UniPD-3layer-constant --torch-device=cuda --width 1024 --height 768 --env game/train_env.x86_64 --no-graphics --time-scale 5 --seed 100 --force --base-port 5005",
        "mlagents_version": "0.30.0",
        "mlagents_envs_version": "0.30.0",
        "communication_protocol_version": "1.5.0",
        "pytorch_version": "1.11.0+cu102",
        "numpy_version": "1.21.2",
        "end_time_seconds": "1697048495"
    },
    "total": 4192.249182433,
    "count": 1,
    "self": 0.47532847599904926,
    "children": {
        "run_training.setup": {
            "total": 0.023791560000063328,
            "count": 1,
            "self": 0.023791560000063328
        },
        "TrainerController.start_learning": {
            "total": 4191.750062397001,
            "count": 1,
            "self": 3.132270210873685,
            "children": {
                "TrainerController._reset_env": {
                    "total": 4.430910578999828,
                    "count": 1,
                    "self": 4.430910578999828
                },
                "TrainerController.advance": {
                    "total": 4184.074369230128,
                    "count": 104200,
                    "self": 3.0940170452695384,
                    "children": {
                        "env_step": {
                            "total": 1601.5348942490273,
                            "count": 104200,
                            "self": 1350.413358240081,
                            "children": {
                                "SubprocessEnvManager._take_step": {
                                    "total": 249.47351871601677,
                                    "count": 104200,
                                    "self": 10.637442328930774,
                                    "children": {
                                        "TorchPolicy.evaluate": {
                                            "total": 238.836076387086,
                                            "count": 104200,
                                            "self": 238.836076387086
                                        }
                                    }
                                },
                                "workers": {
                                    "total": 1.6480172929295804,
                                    "count": 104200,
                                    "self": 0.0,
                                    "children": {
                                        "worker_root": {
                                            "total": 4187.835913786905,
                                            "count": 104200,
                                            "is_parallel": true,
                                            "self": 3138.9288457138136,
                                            "children": {
                                                "run_training.setup": {
                                                    "total": 0.0,
                                                    "count": 0,
                                                    "is_parallel": true,
                                                    "self": 0.0,