{
    "name": "root",
    "gauges": {
        "Car.Policy.Entropy.mean": {
            "value": 0.4055323004722595,
            "min": 0.4055323004722595,
            "max": 2.1560864448547363,
            "count": 10
        },
        "Car.Policy.Entropy.sum": {
            "value": 20127.37890625,
            "min": 20127.37890625,
            "max": 111564.5390625,
            "count": 10
        },
        "Car.Step.mean": {
            "value": 499942.0,
            "min": 49999.0,
            "max": 499942.0,
            "count": 10
        },
        "Car.Step.sum": {
            "value": 499942.0,
            "min": 49999.0,
            "max": 499942.0,
            "count": 10
        },
        "Car.Policy.ExtrinsicValueEstimate.mean": {
            "value": -0.9712743163108826,
            "min": -2.2149736881256104,
            "max": 0.2953666150569916,
            "count": 10
        },
        "Car.Policy.ExtrinsicValueEstimate.sum": {
            "value": -759.5364990234375,
            "min": -1736.539306640625,
            "max": 247.51722717285156,
            "count": 10
        },
        "Car.Losses.PolicyLoss.mean": {
            "value": 0.02545079501889025,
            "min": 0.021685066389230394,
            "max": 0.02596949437245106,
            "count": 10
        },
        "Car.Losses.PolicyLoss.sum": {
            "value": 0.12725397509445124,
            "min": 0.09690885389378914,
            "max": 0.1298474718622553,
            "count": 10
        },
        "Car.Losses.ValueLoss.mean": {
            "value": 0.035352583850423495,
            "min": 0.035352583850423495,
            "max": 20.192381073236465,
            "count": 10
        },
        "Car.Losses.ValueLoss.sum": {
            "value": 0.17676291925211748,
            "min": 0.17676291925211748,
            "max": 100.96190536618232,
            "count": 10
        },
        "Car.Policy.LearningRate.mean": {
            "value": 1.3345895551399999e-05,
            "min": 1.3345895551399999e-05,
            "max": 0.00028253175582274996,
            "count": 10
        },
        "Car.Policy.LearningRate.sum": {
            "value": 6.6729477757e-05,
            "min": 6.6729477757e-05,
            "max": 0.0012723324758891995,
            "count": 10
        },
        "Car.Policy.Epsilon.mean": {
            "value": 0.1044486,
            "min": 0.1044486,
            "max": 0.19417725,
            "count": 10
        },
        "Car.Policy.Epsilon.sum": {
            "value": 0.522243,
            "min": 0.522243,
            "max": 0.9241108000000001,
            "count": 10
        },
        "Car.Policy.Beta.mean": {
            "value": 0.0002319851400000001,
            "min": 0.0002319851400000001,
            "max": 0.004709444775,
            "count": 10
        },
        "Car.Policy.Beta.sum": {
            "value": 0.0011599257000000005,
            "min": 0.0011599257000000005,
            "max": 0.021213128919999994,
            "count": 10
        },
        "Car.Environment.EpisodeLength.mean": {
            "value": 588.0,
            "min": 356.0325203252033,
            "max": 1296.75,
            "count": 10
        },
        "Car.Environment.EpisodeLength.sum": {
            "value": 588.0,
            "min": 588.0,
            "max": 59384.0,
            "count": 10
        },
        "Car.Environment.CumulativeReward.mean": {
            "value": -6.625613102689385,
            "min": -6.625613102689385,
            "max": 3.7107352134449263,
            "count": 10
        },
        "Car.Environment.CumulativeReward.sum": {
            "value": -6.625613102689385,
            "min": -56.94056932348758,
            "max": 482.39557774784043,
            "count": 10
        },
        "Car.Policy.ExtrinsicReward.mean": {
            "value": -6.625613102689385,
            "min": -6.625613102689385,
            "max": 3.7107352134449263,
            "count": 10
        },
        "Car.Policy.ExtrinsicReward.sum": {
            "value": -6.625613102689385,
            "min": -56.94056932348758,
            "max": 482.39557774784043,
            "count": 10
        },
        "Car.IsTraining.mean": {
            "value": 1.0,
            "min": 1.0,
            "max": 1.0,
            "count": 10
        },
        "Car.IsTraining.sum": {
            "value": 1.0,
            "min": 1.0,
            "max": 1.0,
            "count": 10
        }
    },
    "metadata": {
        "timer_format_version": "0.1.0",
        "start_time_seconds": "1680465364",
        "python_version": "3.10.6 (main, Mar 10 2023, 10:55:28) [GCC 11.3.0]",
        "command_line_arguments": "/home/toldo/Desktop/ULB/AI/NNRL-car/venv/bin/mlagents-learn --initialize-from=Test3-gate-high --run-id=Test4-gate-dist-high",
        "mlagents_version": "0.30.0",
        "mlagents_envs_version": "0.30.0",
        "communication_protocol_version": "1.5.0",
        "pytorch_version": "1.11.0+cu102",
        "numpy_version": "1.21.2",
        "end_time_seconds": "1680465605"
    },
    "total": 240.1866783430014,
    "count": 1,
    "self": 0.0046509770036209375,
    "children": {
        "run_training.setup": {
            "total": 0.007216153004264925,
            "count": 1,
            "self": 0.007216153004264925
        },
        "TrainerController.start_learning": {
            "total": 240.17481121299352,
            "count": 1,
            "self": 0.15557340066879988,
            "children": {
                "TrainerController._reset_env": {
                    "total": 6.587087820997112,
                    "count": 1,
                    "self": 6.587087820997112
                },
                "TrainerController.advance": {
                    "total": 233.38890805631672,
                    "count": 10443,
                    "self": 0.13930570259981323,
                    "children": {
                        "env_step": {
                            "total": 113.76683189934556,
                            "count": 10443,
                            "self": 105.13028858274629,
                            "children": {
                                "SubprocessEnvManager._take_step": {
                                    "total": 8.547087310362258,
                                    "count": 10443,
                                    "self": 0.48839352170034545,
                                    "children": {
                                        "TorchPolicy.evaluate": {
                                            "total": 8.058693788661913,
                                            "count": 10443,
                                            "self": 8.058693788661913
                                        }
                                    }
                                },
                                "workers": {
                                    "total": 0.08945600623701466,
                                    "count": 10443,
                                    "self": 0.0,
                                    "children": {
                                        "worker_root": {
                                            "total": 239.90165963960317,
                                            "count": 10443,
                                            "is_parallel": true,
                                            "self": 150.06023605461087,
                                            "children": {
                                                "run_training.setup": {
                                                    "total": 0.0,
                                                    "count": 0,
                                                    "is_parallel": true,
                                                    "self": 0.0,