{
    "name": "root",
    "gauges": {
        "Car.Policy.Entropy.mean": {
            "value": 1.178296446800232,
            "min": 0.9698846340179443,
            "max": 2.1959667205810547,
            "count": 500
        },
        "Car.Policy.Entropy.sum": {
            "value": 11933.7861328125,
            "min": 9450.5556640625,
            "max": 26984.0390625,
            "count": 500
        },
        "Car.Step.mean": {
            "value": 4999954.0,
            "min": 9984.0,
            "max": 4999954.0,
            "count": 500
        },
        "Car.Step.sum": {
            "value": 4999954.0,
            "min": 9984.0,
            "max": 4999954.0,
            "count": 500
        },
        "Car.Policy.ExtrinsicValueEstimate.mean": {
            "value": 45.99005126953125,
            "min": -0.9867190718650818,
            "max": 77.818603515625,
            "count": 500
        },
        "Car.Policy.ExtrinsicValueEstimate.sum": {
            "value": 7588.3583984375,
            "min": -163.7953643798828,
            "max": 12606.61328125,
            "count": 500
        },
        "Car.IsTraining.mean": {
            "value": 1.0,
            "min": 1.0,
            "max": 1.0,
            "count": 500
        },
        "Car.IsTraining.sum": {
            "value": 1.0,
            "min": 1.0,
            "max": 1.0,
            "count": 500
        },
        "Car.Losses.PolicyLoss.mean": {
            "value": 0.05204403406009078,
            "min": 0.037185789072472185,
            "max": 0.05912317805690691,
            "count": 483
        },
        "Car.Losses.PolicyLoss.sum": {
            "value": 0.05204403406009078,
            "min": 0.037185789072472185,
            "max": 0.05912317805690691,
            "count": 483
        },
        "Car.Losses.ValueLoss.mean": {
            "value": 63.76907096862793,
            "min": 0.0006344678606144449,
            "max": 93.239947681427,
            "count": 483
        },
        "Car.Losses.ValueLoss.sum": {
            "value": 63.76907096862793,
            "min": 0.0006344678606144449,
            "max": 93.239947681427,
            "count": 483
        },
        "Car.Policy.LearningRate.mean": {
            "value": 0.0003,
            "min": 0.0002999999999999999,
            "max": 0.00030000000000000003,
            "count": 483
        },
        "Car.Policy.LearningRate.sum": {
            "value": 0.0003,
            "min": 0.0002999999999999999,
            "max": 0.00030000000000000003,
            "count": 483
        },
        "Car.Policy.Epsilon.mean": {
            "value": 0.2,
            "min": 0.2,
            "max": 0.20000000000000004,
            "count": 483
        },
        "Car.Policy.Epsilon.sum": {
            "value": 0.2,
            "min": 0.2,
            "max": 0.20000000000000004,
            "count": 483
        },
        "Car.Policy.Beta.mean": {
            "value": 0.009999999999999998,
            "min": 0.009999999999999998,
            "max": 0.01,
            "count": 483
        },
        "Car.Policy.Beta.sum": {
            "value": 0.009999999999999998,
            "min": 0.009999999999999998,
            "max": 0.01,
            "count": 483
        },
        "Car.Environment.EpisodeLength.mean": {
            "value": 624.15,
            "min": 252.42307692307693,
            "max": 786.9166666666666,
            "count": 498
        },
        "Car.Environment.EpisodeLength.sum": {
            "value": 12483.0,
            "min": 499.0,
            "max": 23391.0,
            "count": 498
        },
        "Car.Environment.CumulativeReward.mean": {
            "value": 491.71630033783595,
            "min": -9.869253068696707,
            "max": 545.4427142348742,
            "count": 499
        },
        "Car.Environment.CumulativeReward.sum": {
            "value": 10326.042307094554,
            "min": -109.70735548308585,
            "max": 11408.283297806804,
            "count": 499
        },
        "Car.Policy.ExtrinsicReward.mean": {
            "value": 491.71630033783595,
            "min": -9.869253068696707,
            "max": 545.4427142348742,
            "count": 499
        },
        "Car.Policy.ExtrinsicReward.sum": {
            "value": 10326.042307094554,
            "min": -109.70735548308585,
            "max": 11408.283297806804,
            "count": 499
        }
    },
    "metadata": {
        "timer_format_version": "0.1.0",
        "start_time_seconds": "1697048745",
        "python_version": "3.9.18 (main, Aug 25 2023, 13:20:14) \n[GCC 11.4.0]",
        "command_line_arguments": "/home/toldo/Desktop/UniPD/AI/venv/bin/mlagents-learn ./config/car_unipd_4layer.yaml --run-id=AI-UniPD-4layer-constant --torch-device=cuda --width 1024 --height 768 --env game/train_env.x86_64 --no-graphics --time-scale 5 --seed 100 --base-port 5005",
        "mlagents_version": "0.30.0",
        "mlagents_envs_version": "0.30.0",
        "communication_protocol_version": "1.5.0",
        "pytorch_version": "1.11.0+cu102",
        "numpy_version": "1.21.2",
        "end_time_seconds": "1697053074"
    },
    "total": 4329.175413481,
    "count": 1,
    "self": 0.6227818660008779,
    "children": {
        "run_training.setup": {
            "total": 0.020827058999202563,
            "count": 1,
            "self": 0.020827058999202563
        },
        "TrainerController.start_learning": {
            "total": 4328.531804556,
            "count": 1,
            "self": 2.9578999514378665,
            "children": {
                "TrainerController._reset_env": {
                    "total": 2.631899340000018,
                    "count": 1,
                    "self": 2.631899340000018
                },
                "TrainerController.advance": {
                    "total": 4322.8372701835615,
                    "count": 104198,
                    "self": 2.808150857099463,
                    "children": {
                        "env_step": {
                            "total": 1529.9055660470367,
                            "count": 104198,
                            "self": 1282.6907768349738,
                            "children": {
                                "SubprocessEnvManager._take_step": {
                                    "total": 245.60420176892876,
                                    "count": 104198,
                                    "self": 9.762306165988775,
                                    "children": {
                                        "TorchPolicy.evaluate": {
                                            "total": 235.84189560293999,
                                            "count": 104198,
                                            "self": 235.84189560293999
                                        }
                                    }
                                },
                                "workers": {
                                    "total": 1.6105874431341363,
                                    "count": 104198,
                                    "self": 0.0,
                                    "children": {
                                        "worker_root": {
                                            "total": 4324.985408490944,
                                            "count": 104198,
                                            "is_parallel": true,
                                            "self": 3326.099661024222,
                                            "children": {
                                                "run_training.setup": {
                                                    "total": 0.0,
                                                    "count": 0,
                                                    "is_parallel": true,
                                                    "self": 0.0,