{
    "name": "root",
    "gauges": {
        "Car.Policy.Entropy.mean": {
            "value": 0.9668170213699341,
            "min": 0.7983191609382629,
            "max": 2.1959667205810547,
            "count": 500
        },
        "Car.Policy.Entropy.sum": {
            "value": 9791.9228515625,
            "min": 8047.05712890625,
            "max": 26984.0390625,
            "count": 500
        },
        "Car.Step.mean": {
            "value": 4999976.0,
            "min": 9984.0,
            "max": 4999976.0,
            "count": 500
        },
        "Car.Step.sum": {
            "value": 4999976.0,
            "min": 9984.0,
            "max": 4999976.0,
            "count": 500
        },
        "Car.Policy.ExtrinsicValueEstimate.mean": {
            "value": 40.67609405517578,
            "min": -0.23715367913246155,
            "max": 52.561710357666016,
            "count": 500
        },
        "Car.Policy.ExtrinsicValueEstimate.sum": {
            "value": 6630.203125,
            "min": -37.94458770751953,
            "max": 8830.3671875,
            "count": 500
        },
        "Car.IsTraining.mean": {
            "value": 1.0,
            "min": 1.0,
            "max": 1.0,
            "count": 500
        },
        "Car.IsTraining.sum": {
            "value": 1.0,
            "min": 1.0,
            "max": 1.0,
            "count": 500
        },
        "Car.Losses.PolicyLoss.mean": {
            "value": 0.0518074386427179,
            "min": 0.04111040090385359,
            "max": 0.05762783041456714,
            "count": 483
        },
        "Car.Losses.PolicyLoss.sum": {
            "value": 0.0518074386427179,
            "min": 0.04111040090385359,
            "max": 0.05762783041456714,
            "count": 483
        },
        "Car.Losses.ValueLoss.mean": {
            "value": 81.24127668380737,
            "min": 0.0025458802893343897,
            "max": 117.09237907409668,
            "count": 483
        },
        "Car.Losses.ValueLoss.sum": {
            "value": 81.24127668380737,
            "min": 0.0025458802893343897,
            "max": 117.09237907409668,
            "count": 483
        },
        "Car.Policy.LearningRate.mean": {
            "value": 5.440598186799879e-07,
            "min": 5.440598186799879e-07,
            "max": 0.00029926272024576007,
            "count": 483
        },
        "Car.Policy.LearningRate.sum": {
            "value": 5.440598186799879e-07,
            "min": 5.440598186799879e-07,
            "max": 0.00029926272024576007,
            "count": 483
        },
        "Car.Policy.Epsilon.mean": {
            "value": 0.10018131999999998,
            "min": 0.10018131999999998,
            "max": 0.19975424,
            "count": 483
        },
        "Car.Policy.Epsilon.sum": {
            "value": 0.10018131999999998,
            "min": 0.10018131999999998,
            "max": 0.19975424,
            "count": 483
        },
        "Car.Policy.Beta.mean": {
            "value": 2.8113867999999595e-05,
            "min": 2.8113867999999595e-05,
            "max": 0.009975448575999999,
            "count": 483
        },
        "Car.Policy.Beta.sum": {
            "value": 2.8113867999999595e-05,
            "min": 2.8113867999999595e-05,
            "max": 0.009975448575999999,
            "count": 483
        },
        "Car.Environment.EpisodeLength.mean": {
            "value": 763.4666666666667,
            "min": 231.8846153846154,
            "max": 870.3333333333334,
            "count": 499
        },
        "Car.Environment.EpisodeLength.sum": {
            "value": 11452.0,
            "min": 692.0,
            "max": 22954.0,
            "count": 499
        },
        "Car.Environment.CumulativeReward.mean": {
            "value": 482.35236398480436,
            "min": -9.869253068696707,
            "max": 512.3298137015261,
            "count": 499
        },
        "Car.Environment.CumulativeReward.sum": {
            "value": 7717.63782375687,
            "min": -53.7759523158893,
            "max": 9444.679363581206,
            "count": 499
        },
        "Car.Policy.ExtrinsicReward.mean": {
            "value": 482.35236398480436,
            "min": -9.869253068696707,
            "max": 512.3298137015261,
            "count": 499
        },
        "Car.Policy.ExtrinsicReward.sum": {
            "value": 7717.63782375687,
            "min": -53.7759523158893,
            "max": 9444.679363581206,
            "count": 499
        }
    },
    "metadata": {
        "timer_format_version": "0.1.0",
        "start_time_seconds": "1697048757",
        "python_version": "3.9.18 (main, Aug 25 2023, 13:20:14) \n[GCC 11.4.0]",
        "command_line_arguments": "/home/toldo/Desktop/UniPD/AI/venv/bin/mlagents-learn ./config/car_unipd_4layer_linear.yaml --run-id=AI-UniPD-4layer-linear --torch-device=cuda --width 1024 --height 768 --env game/train_env.x86_64 --no-graphics --time-scale 5 --seed 100 --base-port 5007",
        "mlagents_version": "0.30.0",
        "mlagents_envs_version": "0.30.0",
        "communication_protocol_version": "1.5.0",
        "pytorch_version": "1.11.0+cu102",
        "numpy_version": "1.21.2",
        "end_time_seconds": "1697053087"
    },
    "total": 4330.210546646,
    "count": 1,
    "self": 0.31977561300118396,
    "children": {
        "run_training.setup": {
            "total": 0.02492035199975362,
            "count": 1,
            "self": 0.02492035199975362
        },
        "TrainerController.start_learning": {
            "total": 4329.865850680999,
            "count": 1,
            "self": 2.9227201261910523,
            "children": {
                "TrainerController._reset_env": {
                    "total": 2.872549448000427,
                    "count": 1,
                    "self": 2.872549448000427
                },
                "TrainerController.advance": {
                    "total": 4323.985206550808,
                    "count": 104198,
                    "self": 2.8503410352859646,
                    "children": {
                        "env_step": {
                            "total": 1533.6475561862953,
                            "count": 104198,
                            "self": 1287.2251106078602,
                            "children": {
                                "SubprocessEnvManager._take_step": {
                                    "total": 244.83465671912018,
                                    "count": 104198,
                                    "self": 9.805378552982802,
                                    "children": {
                                        "TorchPolicy.evaluate": {
                                            "total": 235.02927816613737,
                                            "count": 104198,
                                            "self": 235.02927816613737
                                        }
                                    }
                                },
                                "workers": {
                                    "total": 1.5877888593149692,
                                    "count": 104198,
                                    "self": 0.0,
                                    "children": {
                                        "worker_root": {
                                            "total": 4326.308287967069,
                                            "count": 104198,
                                            "is_parallel": true,
                                            "self": 3323.998506082451,
                                            "children": {
                                                "run_training.setup": {
                                                    "total": 0.0,
                                                    "count": 0,
                                                    "is_parallel": true,