{
    "name": "root",
    "gauges": {
        "Car.Policy.Entropy.mean": {
            "value": 0.33751821517944336,
            "min": 0.2569594383239746,
            "max": 0.9176631569862366,
            "count": 500
        },
        "Car.Policy.Entropy.sum": {
            "value": 3450.7861328125,
            "min": 2567.904541015625,
            "max": 9073.853515625,
            "count": 500
        },
        "Car.Step.mean": {
            "value": 4999971.0,
            "min": 9993.0,
            "max": 4999971.0,
            "count": 500
        },
        "Car.Step.sum": {
            "value": 4999971.0,
            "min": 9993.0,
            "max": 4999971.0,
            "count": 500
        },
        "Car.Policy.ExtrinsicValueEstimate.mean": {
            "value": 27.192182540893555,
            "min": -44.19135665893555,
            "max": 32.39399337768555,
            "count": 500
        },
        "Car.Policy.ExtrinsicValueEstimate.sum": {
            "value": 4296.36474609375,
            "min": -7070.6171875,
            "max": 5085.85693359375,
            "count": 500
        },
        "Car.Environment.EpisodeLength.mean": {
            "value": 9584.333333333334,
            "min": 115.0,
            "max": 21103.0,
            "count": 475
        },
        "Car.Environment.EpisodeLength.sum": {
            "value": 28753.0,
            "min": 115.0,
            "max": 49880.0,
            "count": 475
        },
        "Car.Environment.CumulativeReward.mean": {
            "value": 2942.1537565390267,
            "min": -2425.502257672223,
            "max": 6327.331432580948,
            "count": 476
        },
        "Car.Environment.CumulativeReward.sum": {
            "value": 8826.46126961708,
            "min": -26680.524834394455,
            "max": 15273.302332043648,
            "count": 476
        },
        "Car.Policy.ExtrinsicReward.mean": {
            "value": 2942.1537565390267,
            "min": -2425.502257672223,
            "max": 6327.331432580948,
            "count": 476
        },
        "Car.Policy.ExtrinsicReward.sum": {
            "value": 8826.46126961708,
            "min": -26680.524834394455,
            "max": 15273.302332043648,
            "count": 476
        },
        "Car.IsTraining.mean": {
            "value": 1.0,
            "min": 1.0,
            "max": 1.0,
            "count": 500
        },
        "Car.IsTraining.sum": {
            "value": 1.0,
            "min": 1.0,
            "max": 1.0,
            "count": 500
        },
        "Car.Losses.PolicyLoss.mean": {
            "value": 0.05126694170758128,
            "min": 0.039590432576369496,
            "max": 0.06091149942949414,
            "count": 485
        },
        "Car.Losses.PolicyLoss.sum": {
            "value": 0.05126694170758128,
            "min": 0.039590432576369496,
            "max": 0.06091149942949414,
            "count": 485
        },
        "Car.Losses.ValueLoss.mean": {
            "value": 6.532587100068728,
            "min": 1.5125368307034175,
            "max": 2130236.7500690143,
            "count": 485
        },
        "Car.Losses.ValueLoss.sum": {
            "value": 6.532587100068728,
            "min": 1.5125368307034175,
            "max": 2130236.7500690143,
            "count": 485
        },
        "Car.Policy.LearningRate.mean": {
            "value": 6.297997904000959e-08,
            "min": 6.297997904000959e-08,
            "max": 0.00029926986024338,
            "count": 485
        },
        "Car.Policy.LearningRate.sum": {
            "value": 6.297997904000959e-08,
            "min": 6.297997904000959e-08,
            "max": 0.00029926986024338,
            "count": 485
        },
        "Car.Policy.Epsilon.mean": {
            "value": 0.10002095999999999,
            "min": 0.10002095999999999,
            "max": 0.19975662000000005,
            "count": 485
        },
        "Car.Policy.Epsilon.sum": {
            "value": 0.10002095999999999,
            "min": 0.10002095999999999,
            "max": 0.19975662000000005,
            "count": 485
        },
        "Car.Policy.Beta.mean": {
            "value": 1.0102704000000015e-05,
            "min": 1.0102704000000015e-05,
            "max": 0.000498807438,
            "count": 485
        },
        "Car.Policy.Beta.sum": {
            "value": 1.0102704000000015e-05,
            "min": 1.0102704000000015e-05,
            "max": 0.000498807438,
            "count": 485
        }
    },
    "metadata": {
        "timer_format_version": "0.1.0",
        "start_time_seconds": "1680882297",
        "python_version": "3.10.6 (main, Mar 10 2023, 10:55:28) [GCC 11.3.0]",
        "command_line_arguments": "/home/toldo/Desktop/ULB/AI/NNRL-car/venv/bin/mlagents-learn config/car.yaml --run-id=New-config-wds-it2 --torch-device=cuda --initialize-from=New-config-new-wrong-direction-spawn",
        "mlagents_version": "0.30.0",
        "mlagents_envs_version": "0.30.0",
        "communication_protocol_version": "1.5.0",
        "pytorch_version": "1.11.0+cu113",
        "numpy_version": "1.21.2",
        "end_time_seconds": "1680884492"
    },
    "total": 2194.6625702889996,
    "count": 1,
    "self": 0.00719470799958799,
    "children": {
        "run_training.setup": {
            "total": 0.007712521000030392,
            "count": 1,
            "self": 0.007712521000030392
        },
        "TrainerController.start_learning": {
            "total": 2194.64766306,
            "count": 1,
            "self": 1.7529440039611472,
            "children": {
                "TrainerController._reset_env": {
                    "total": 9.041946943000028,
                    "count": 1,
                    "self": 9.041946943000028
                },
                "TrainerController.advance": {
                    "total": 2183.804206550039,
                    "count": 104201,
                    "self": 1.631657532985173,
                    "children": {
                        "env_step": {
                            "total": 1141.0634170130552,
                            "count": 104201,
                            "self": 1001.243057528955,
                            "children": {
                                "SubprocessEnvManager._take_step": {
                                    "total": 138.85323871001992,
                                    "count": 104201,
                                    "self": 5.331823300998508,
                                    "children": {
                                        "TorchPolicy.evaluate": {
                                            "total": 133.52141540902142,
                                            "count": 104201,
                                            "self": 133.52141540902142
                                        }
                                    }
                                },
                                "workers": {
                                    "total": 0.9671207740803425,
                                    "count": 104201,
                                    "self": 0.0,
                                    "children": {
                                        "worker_root": {
                                            "total": 2192.8200075370037,
                                            "count": 104201,
                                            "is_parallel": true,
                                            "self": 1350.8343309639977,
                                            "children": {
                                                "run_training.setup": {
                                                    "total": 0.0,
                                                    "count": 0,
                                                    "is_parallel": true,
                                                    "self": 0.0,