{
    "name": "root",
    "gauges": {
        "Car.Policy.Entropy.mean": {
            "value": 0.928350567817688,
            "min": 0.2059648036956787,
            "max": 2.1947638988494873,
            "count": 500
        },
        "Car.Policy.Entropy.sum": {
            "value": 9045.84765625,
            "min": 2046.46630859375,
            "max": 26969.2578125,
            "count": 500
        },
        "Car.Step.mean": {
            "value": 4999982.0,
            "min": 9984.0,
            "max": 4999982.0,
            "count": 500
        },
        "Car.Step.sum": {
            "value": 4999982.0,
            "min": 9984.0,
            "max": 4999982.0,
            "count": 500
        },
        "Car.Policy.ExtrinsicValueEstimate.mean": {
            "value": -2.3196401596069336,
            "min": -729.1966552734375,
            "max": 24.196992874145508,
            "count": 500
        },
        "Car.Policy.ExtrinsicValueEstimate.sum": {
            "value": -415.215576171875,
            "min": -137088.96875,
            "max": 4161.8828125,
            "count": 500
        },
        "Car.IsTraining.mean": {
            "value": 1.0,
            "min": 1.0,
            "max": 1.0,
            "count": 500
        },
        "Car.IsTraining.sum": {
            "value": 1.0,
            "min": 1.0,
            "max": 1.0,
            "count": 500
        },
        "Car.Losses.PolicyLoss.mean": {
            "value": 0.02532905537324647,
            "min": 0.01423408066232999,
            "max": 0.04545540491429468,
            "count": 484
        },
        "Car.Losses.PolicyLoss.sum": {
            "value": 0.02532905537324647,
            "min": 0.01423408066232999,
            "max": 0.04545540491429468,
            "count": 484
        },
        "Car.Losses.ValueLoss.mean": {
            "value": 56.854369990030925,
            "min": 0.22842537462711335,
            "max": 205088098.1730469,
            "count": 484
        },
        "Car.Losses.ValueLoss.sum": {
            "value": 56.854369990030925,
            "min": 0.22842537462711335,
            "max": 205088098.1730469,
            "count": 484
        },
        "Car.Policy.LearningRate.mean": {
            "value": 3.889209980553926e-05,
            "min": 3.889209980553926e-05,
            "max": 0.019950848000245755,
            "count": 484
        },
        "Car.Policy.LearningRate.sum": {
            "value": 3.889209980553926e-05,
            "min": 3.889209980553926e-05,
            "max": 0.019950848000245755,
            "count": 484
        },
        "Car.Policy.Epsilon.mean": {
            "value": 0.10019446,
            "min": 0.10019446,
            "max": 0.19975424,
            "count": 484
        },
        "Car.Policy.Epsilon.sum": {
            "value": 0.10019446,
            "min": 0.10019446,
            "max": 0.19975424,
            "count": 484
        },
        "Car.Policy.Beta.mean": {
            "value": 1.970355399999981e-05,
            "min": 1.970355399999981e-05,
            "max": 0.004987736576,
            "count": 484
        },
        "Car.Policy.Beta.sum": {
            "value": 1.970355399999981e-05,
            "min": 1.970355399999981e-05,
            "max": 0.004987736576,
            "count": 484
        },
        "Car.Environment.EpisodeLength.mean": {
            "value": 175.22,
            "min": 63.12328767123287,
            "max": 700.0833333333334,
            "count": 499
        },
        "Car.Environment.EpisodeLength.sum": {
            "value": 8761.0,
            "min": 1729.0,
            "max": 20833.0,
            "count": 499
        },
        "Car.Environment.CumulativeReward.mean": {
            "value": -13.539823102016076,
            "min": -7725.845884175862,
            "max": -2.9181402509029093,
            "count": 499
        },
        "Car.Environment.CumulativeReward.sum": {
            "value": -690.5309782028198,
            "min": -525357.5201239586,
            "max": -70.0,
            "count": 499
        },
        "Car.Policy.ExtrinsicReward.mean": {
            "value": -13.539823102016076,
            "min": -7725.845884175862,
            "max": -2.9181402509029093,
            "count": 499
        },
        "Car.Policy.ExtrinsicReward.sum": {
            "value": -690.5309782028198,
            "min": -525357.5201239586,
            "max": -70.0,
            "count": 499
        }
    },
    "metadata": {
        "timer_format_version": "0.1.0",
        "start_time_seconds": "1680537392",
        "python_version": "3.10.6 (main, Mar 10 2023, 10:55:28) [GCC 11.3.0]",
        "command_line_arguments": "/home/toldo/Desktop/ULB/AI/NNRL-car/venv/bin/mlagents-learn config/car.yaml --run-id=Test4-no-forward-reward",
        "mlagents_version": "0.30.0",
        "mlagents_envs_version": "0.30.0",
        "communication_protocol_version": "1.5.0",
        "pytorch_version": "1.11.0+cu102",
        "numpy_version": "1.21.2",
        "end_time_seconds": "1680539638"
    },
    "total": 2246.757395851999,
    "count": 1,
    "self": 0.004532598000878352,
    "children": {
        "run_training.setup": {
            "total": 0.007305858998734038,
            "count": 1,
            "self": 0.007305858998734038
        },
        "TrainerController.start_learning": {
            "total": 2246.745557394999,
            "count": 1,
            "self": 1.7775471079730778,
            "children": {
                "TrainerController._reset_env": {
                    "total": 6.927825146000032,
                    "count": 1,
                    "self": 6.927825146000032
                },
                "TrainerController.advance": {
                    "total": 2237.9983206520265,
                    "count": 104199,
                    "self": 1.4941865674063592,
                    "children": {
                        "env_step": {
                            "total": 1097.9227751667986,
                            "count": 104199,
                            "self": 1011.5002943035852,
                            "children": {
                                "SubprocessEnvManager._take_step": {
                                    "total": 85.45284433073903,
                                    "count": 104199,
                                    "self": 5.2510265922683175,
                                    "children": {
                                        "TorchPolicy.evaluate": {
                                            "total": 80.20181773847071,
                                            "count": 104199,
                                            "self": 80.20181773847071
                                        }
                                    }
                                },
                                "workers": {
                                    "total": 0.9696365324743965,
                                    "count": 104199,
                                    "self": 0.0,
                                    "children": {
                                        "worker_root": {
                                            "total": 2244.9008260559676,
                                            "count": 104199,
                                            "is_parallel": true,
                                            "self": 1390.137105912776,
                                            "children": {
                                                "run_training.setup": {
                                                    "total": 0.0,
                                                    "count": 0,
                                                    "is_parallel": true,
                                                    "self": 0.0,