{
    "name": "root",
    "gauges": {
        "Car.Policy.Entropy.mean": {
            "value": 1.0745114088058472,
            "min": 0.9193601608276367,
            "max": 1.7938576936721802,
            "count": 384
        },
        "Car.Policy.Entropy.sum": {
            "value": 10573.1923828125,
            "min": 9121.54296875,
            "max": 20858.81640625,
            "count": 384
        },
        "Car.Step.mean": {
            "value": 3839939.0,
            "min": 9940.0,
            "max": 3839939.0,
            "count": 384
        },
        "Car.Step.sum": {
            "value": 3839939.0,
            "min": 9940.0,
            "max": 3839939.0,
            "count": 384
        },
        "Car.Policy.ExtrinsicValueEstimate.mean": {
            "value": 8.080387115478516,
            "min": -15.11485481262207,
            "max": 13.425708770751953,
            "count": 384
        },
        "Car.Policy.ExtrinsicValueEstimate.sum": {
            "value": 1292.8619384765625,
            "min": -2448.6064453125,
            "max": 2121.261962890625,
            "count": 384
        },
        "Car.Environment.EpisodeLength.mean": {
            "value": 568.0909090909091,
            "min": 169.0,
            "max": 2135.8571428571427,
            "count": 384
        },
        "Car.Environment.EpisodeLength.sum": {
            "value": 6249.0,
            "min": 338.0,
            "max": 21782.0,
            "count": 384
        },
        "Car.Environment.CumulativeReward.mean": {
            "value": 26.34807883609425,
            "min": -2546.365868727366,
            "max": 284.49679051339626,
            "count": 384
        },
        "Car.Environment.CumulativeReward.sum": {
            "value": 289.82886719703674,
            "min": -31108.57129150629,
            "max": 2547.739774823189,
            "count": 384
        },
        "Car.Policy.ExtrinsicReward.mean": {
            "value": 26.34807883609425,
            "min": -2546.365868727366,
            "max": 284.49679051339626,
            "count": 384
        },
        "Car.Policy.ExtrinsicReward.sum": {
            "value": 289.82886719703674,
            "min": -31108.57129150629,
            "max": 2547.739774823189,
            "count": 384
        },
        "Car.IsTraining.mean": {
            "value": 1.0,
            "min": 1.0,
            "max": 1.0,
            "count": 384
        },
        "Car.IsTraining.sum": {
            "value": 1.0,
            "min": 1.0,
            "max": 1.0,
            "count": 384
        },
        "Car.Losses.PolicyLoss.mean": {
            "value": 0.04323716141904394,
            "min": 0.041256139248919986,
            "max": 0.0604131681456541,
            "count": 372
        },
        "Car.Losses.PolicyLoss.sum": {
            "value": 0.04323716141904394,
            "min": 0.041256139248919986,
            "max": 0.0604131681456541,
            "count": 372
        },
        "Car.Losses.ValueLoss.mean": {
            "value": 8.41538898150126,
            "min": 1.6019284615914027,
            "max": 2430997.261062892,
            "count": 372
        },
        "Car.Losses.ValueLoss.sum": {
            "value": 8.41538898150126,
            "min": 1.6019284615914027,
            "max": 2430997.261062892,
            "count": 372
        },
        "Car.Policy.LearningRate.mean": {
            "value": 6.994309668565998e-05,
            "min": 6.994309668565998e-05,
            "max": 0.00029926536024487994,
            "count": 372
        },
        "Car.Policy.LearningRate.sum": {
            "value": 6.994309668565998e-05,
            "min": 6.994309668565998e-05,
            "max": 0.00029926536024487994,
            "count": 372
        },
        "Car.Policy.Epsilon.mean": {
            "value": 0.12331434000000004,
            "min": 0.12331434000000004,
            "max": 0.19975512000000006,
            "count": 372
        },
        "Car.Policy.Epsilon.sum": {
            "value": 0.12331434000000004,
            "min": 0.12331434000000004,
            "max": 0.19975512000000006,
            "count": 372
        },
        "Car.Policy.Beta.mean": {
            "value": 0.00012424026600000004,
            "min": 0.00012424026600000004,
            "max": 0.000498800088,
            "count": 372
        },
        "Car.Policy.Beta.sum": {
            "value": 0.00012424026600000004,
            "min": 0.00012424026600000004,
            "max": 0.000498800088,
            "count": 372
        }
    },
    "metadata": {
        "timer_format_version": "0.1.0",
        "start_time_seconds": "1682435131",
        "python_version": "3.10.6 (main, Mar 10 2023, 10:55:28) [GCC 11.3.0]",
        "command_line_arguments": "/home/toldo/Desktop/ULB/AI/NNRL-car/venv/bin/mlagents-learn config/car_2l10n.yaml --initialize-from=test-2l10n-T2 --torch-device=cuda --run-id=test2l10n-T2-resume",
        "mlagents_version": "0.30.0",
        "mlagents_envs_version": "0.30.0",
        "communication_protocol_version": "1.5.0",
        "pytorch_version": "1.11.0+cu113",
        "numpy_version": "1.21.2",
        "end_time_seconds": "1682436795"
    },
    "total": 1664.0563226570002,
    "count": 1,
    "self": 0.0034390829996482353,
    "children": {
        "run_training.setup": {
            "total": 0.0069688769999629585,
            "count": 1,
            "self": 0.0069688769999629585
        },
        "TrainerController.start_learning": {
            "total": 1664.0459146970006,
            "count": 1,
            "self": 1.2377710230466619,
            "children": {
                "TrainerController._reset_env": {
                    "total": 7.23359375400014,
                    "count": 1,
                    "self": 7.23359375400014
                },
                "TrainerController.advance": {
                    "total": 1655.5234822959537,
                    "count": 80101,
                    "self": 1.0961879700553254,
                    "children": {
                        "env_step": {
                            "total": 863.2501130499468,
                            "count": 80101,
                            "self": 756.485442669149,
                            "children": {
                                "SubprocessEnvManager._take_step": {
                                    "total": 106.04708310493515,
                                    "count": 80101,
                                    "self": 4.027112038850646,
                                    "children": {
                                        "TorchPolicy.evaluate": {
                                            "total": 102.01997106608451,
                                            "count": 80101,
                                            "self": 102.01997106608451
                                        }
                                    }
                                },
                                "workers": {
                                    "total": 0.7175872758625701,
                                    "count": 80100,
                                    "self": 0.0,
                                    "children": {
                                        "worker_root": {
                                            "total": 1659.0131934411502,
                                            "count": 80100,
                                            "is_parallel": true,
                                            "self": 1026.390341157171,
                                            "children": {
                                                "run_training.setup": {
                                                    "total": 0.0,
                                                    "count": 0,
                                                    "is_parallel": true,
                                                    "self": 0.0,