{"count":1,"self":44.0014816,"total":479.492445,"children":{"InitializeActuators":{"count":48,"self":0.0019529999999999999,"total":0.0019529999999999999,"children":null},"InitializeSensors":{"count":48,"self":0.002827,"total":0.002827,"children":null},"AgentSendState":{"count":23117,"self":27.4526944,"total":62.223312,"children":{"CollectObservations":{"count":1109616,"self":2.673877,"total":2.673877,"children":null},"WriteActionMask":{"count":1109616,"self":2.2717799999999997,"total":2.2717799999999997,"children":null},"RequestDecision":{"count":1109616,"self":8.0398192,"total":29.824961,"children":{"AgentInfo.ToProto":{"count":1109616,"self":6.0943739999999993,"total":21.785142,"children":{"GenerateSensorData":{"count":1109616,"self":12.5572688,"total":15.690767999999998,"children":{"RayPerceptionSensor.Perceive":{"count":1109616,"self":3.133499,"total":3.133499,"children":null}}}}}}}}},"DecideAction":{"count":23117,"self":369.56398079999997,"total":369.56397699999997,"children":null},"AgentAct":{"count":23117,"self":3.631316,"total":3.631316,"children":null},"AgentInfo.ToProto":{"count":2237,"self":0.019219999999999998,"total":0.06699,"children":{"GenerateSensorData":{"count":2237,"self":0.038183999999999996,"total":0.04777,"children":{"RayPerceptionSensor.Perceive":{"count":2237,"self":0.009585999999999999,"total":0.009585999999999999,"children":null}}}}}},"gauges":{"Car.CumulativeReward":{"count":2237,"max":10.2150593,"min":-65548.875,"runningAverage":-29.5667915,"value":-7.297697,"weightedAverage":-2.49214268}},"metadata":{"timer_format_version":"0.1.0","start_time_seconds":"1682336435","unity_version":"2021.3.20f1","command_line_arguments":"\/home\/toldo\/Unity\/Hub\/Editor\/2021.3.20f1\/Editor\/Unity -projectpath \/home\/toldo\/Desktop\/ULB\/AI\/NNRL-car\/Env_carAI -useHub -hubIPC -cloudEnvironment production -licensingIpc LicenseClient-toldo -hubSessionId 4f7d226d-d3d2-4512-8e5a-81a22c60a50e -accessToken l7tOdsmcWFIRvz0K-KuWoSHvz5ln9Md_YFnG7LxA6RA008f","communication_protocol_version":"1.5.0","com.unity.ml-agents_version":"2.0.1","scene_name":"RLMultiTrain","end_time_seconds":"1682336914"}}