{"count":1,"self":15.199484799999999,"total":16.020630999999998,"children":{"InitializeActuators":{"count":1,"self":0.001864,"total":0.001864,"children":null},"InitializeSensors":{"count":1,"self":0.002449,"total":0.002449,"children":null},"AgentSendState":{"count":738,"self":0.047399,"total":0.071911,"children":{"CollectObservations":{"count":738,"self":0.0035499999999999998,"total":0.0035499999999999998,"children":null},"WriteActionMask":{"count":738,"self":0.0031709999999999998,"total":0.0031709999999999998,"children":null},"RequestDecision":{"count":738,"self":0.017790999999999998,"total":0.017790999999999998,"children":null}}},"DecideAction":{"count":738,"self":0.728332,"total":0.73264699999999994,"children":{"RayPerceptionSensor.Perceive":{"count":738,"self":0.0043149999999999994,"total":0.0043149999999999994,"children":null}}},"AgentAct":{"count":738,"self":0.010811,"total":0.010811,"children":null}},"gauges":{"Car.CumulativeReward":{"count":3,"max":49.2740822,"min":47.08707,"runningAverage":47.96472,"value":47.5330124,"weightedAverage":48.42875}},"metadata":{"timer_format_version":"0.1.0","start_time_seconds":"1684770612","unity_version":"2021.3.20f1","command_line_arguments":"\/home\/toldo\/Unity\/Hub\/Editor\/2021.3.20f1\/Editor\/Unity -projectpath \/home\/toldo\/Desktop\/ULB\/AI\/NNRL-car\/Env_carAI -useHub -hubIPC -cloudEnvironment production -licensingIpc LicenseClient-toldo -hubSessionId 4ff6213c-9218-400a-8591-71bc4e445d61 -accessToken r86-V4w0JZ6A-o7RGq2VNiSZmWx3I7yR6VnXoSB-v0Y008f","communication_protocol_version":"1.5.0","com.unity.ml-agents_version":"2.0.1","scene_name":"RLTest","end_time_seconds":"1684770628"}}