{"count":1,"self":218.3879936,"total":2189.752129,"children":{"InitializeActuators":{"count":48,"self":0.001888,"total":0.001888,"children":null},"InitializeSensors":{"count":48,"self":0.002642,"total":0.002642,"children":null},"AgentSendState":{"count":104203,"self":128.4532736,"total":293.38091499999996,"children":{"CollectObservations":{"count":5001744,"self":13.0469688,"total":13.046968999999999,"children":null},"WriteActionMask":{"count":5001744,"self":11.135369599999999,"total":11.13537,"children":null},"RequestDecision":{"count":5001744,"self":37.5237696,"total":140.74530199999998,"children":{"AgentInfo.ToProto":{"count":5001744,"self":29.191539199999998,"total":103.221533,"children":{"GenerateSensorData":{"count":5001744,"self":59.5674752,"total":74.02999299999999,"children":{"RayPerceptionSensor.Perceive":{"count":5001744,"self":14.4625168,"total":14.462517,"children":null}}}}}}}}},"DecideAction":{"count":104203,"self":1660.2802176,"total":1660.280237,"children":null},"AgentAct":{"count":104203,"self":17.6094704,"total":17.609469999999998,"children":null},"AgentInfo.ToProto":{"count":2542,"self":0.028041,"total":0.088365,"children":{"GenerateSensorData":{"count":2542,"self":0.047982,"total":0.060323999999999996,"children":{"RayPerceptionSensor.Perceive":{"count":2542,"self":0.012341999999999999,"total":0.012341999999999999,"children":null}}}}}},"gauges":{"Car.CumulativeReward":{"count":2542,"max":9937.955,"min":-4194157.25,"runningAverage":-2855.25854,"value":2734.401,"weightedAverage":2538.03687}},"metadata":{"timer_format_version":"0.1.0","start_time_seconds":"1680882302","unity_version":"2021.3.20f1","command_line_arguments":"\/home\/toldo\/Unity\/Hub\/Editor\/2021.3.20f1\/Editor\/Unity -projectpath \/home\/toldo\/Desktop\/ULB\/AI\/NNRL-car\/Env_carAI -useHub -hubIPC -cloudEnvironment production -licensingIpc LicenseClient-toldo -hubSessionId 93f34500-d55a-11ed-932d-ab9cbe228fec -accessToken IXy2e6GPO2J4wLQUjWtHQXfI0SIe7VNuTe7ZM4nfW1k008f","communication_protocol_version":"1.5.0","com.unity.ml-agents_version":"2.0.1","scene_name":"SampleScene","end_time_seconds":"1680884492"}}