{"count":1,"self":224.44070399999998,"total":2228.890312,"children":{"InitializeActuators":{"count":48,"self":0.00196,"total":0.00196,"children":null},"InitializeSensors":{"count":48,"self":0.0028109999999999997,"total":0.0028109999999999997,"children":null},"AgentSendState":{"count":104217,"self":131.4679296,"total":300.53856099999996,"children":{"CollectObservations":{"count":5002416,"self":13.517470399999999,"total":13.51747,"children":null},"WriteActionMask":{"count":5002416,"self":11.4133248,"total":11.413324999999999,"children":null},"RequestDecision":{"count":5002416,"self":39.069904,"total":144.139842,"children":{"AgentInfo.ToProto":{"count":5002416,"self":29.8265696,"total":105.06993899999999,"children":{"GenerateSensorData":{"count":5002416,"self":60.176703999999994,"total":75.243369,"children":{"RayPerceptionSensor.Perceive":{"count":5002416,"self":15.066665599999999,"total":15.066664999999999,"children":null}}}}}}}}},"DecideAction":{"count":104217,"self":1685.8440704,"total":1685.8440349999998,"children":null},"AgentAct":{"count":104217,"self":17.9254288,"total":17.925428999999998,"children":null},"AgentInfo.ToProto":{"count":3832,"self":0.041856,"total":0.136157,"children":{"GenerateSensorData":{"count":3832,"self":0.074984,"total":0.094301,"children":{"RayPerceptionSensor.Perceive":{"count":3832,"self":0.019317,"total":0.019317,"children":null}}}}}},"gauges":{"Car.CumulativeReward":{"count":3832,"max":5061.80859,"min":-4193843.75,"runningAverage":-2463.15063,"value":78.64535,"weightedAverage":718.1869}},"metadata":{"timer_format_version":"0.1.0","start_time_seconds":"1680723603","unity_version":"2021.3.20f1","command_line_arguments":"\/home\/toldo\/Unity\/Hub\/Editor\/2021.3.20f1\/Editor\/Unity -projectpath \/home\/toldo\/Desktop\/ULB\/AI\/NNRL-car\/Env_carAI -useHub -hubIPC -cloudEnvironment production -licensingIpc LicenseClient-toldo -hubSessionId c77c5860-d3e5-11ed-a456-85c82155726c -accessToken YuDL2CpQXh99H2uWA-UfgQOsdc8we1UPj3YNBl3MSVc008f","communication_protocol_version":"1.5.0","com.unity.ml-agents_version":"2.0.1","scene_name":"SampleScene","end_time_seconds":"1680725832"}}