{
    "name": "root",
    "gauges": {
        "Car.Policy.Entropy.mean": {
            "value": 0.25926804542541504,
            "min": 0.20578862726688385,
            "max": 2.1953275203704834,
            "count": 5000
        },
        "Car.Policy.Entropy.sum": {
            "value": 2576.087158203125,
            "min": 2034.837890625,
            "max": 26976.18359375,
            "count": 5000
        },
        "Car.Step.mean": {
            "value": 49999988.0,
            "min": 9984.0,
            "max": 49999988.0,
            "count": 5000
        },
        "Car.Step.sum": {
            "value": 49999988.0,
            "min": 9984.0,
            "max": 49999988.0,
            "count": 5000
        },
        "Car.Policy.ExtrinsicValueEstimate.mean": {
            "value": 110.30829620361328,
            "min": -0.3004717230796814,
            "max": 128.69430541992188,
            "count": 5000
        },
        "Car.Policy.ExtrinsicValueEstimate.sum": {
            "value": 17318.40234375,
            "min": -50.779720306396484,
            "max": 20085.865234375,
            "count": 5000
        },
        "Car.IsTraining.mean": {
            "value": 1.0,
            "min": 1.0,
            "max": 1.0,
            "count": 5000
        },
        "Car.IsTraining.sum": {
            "value": 1.0,
            "min": 1.0,
            "max": 1.0,
            "count": 5000
        },
        "Car.Losses.PolicyLoss.mean": {
            "value": 0.04544761276803911,
            "min": 0.031022581280913293,
            "max": 0.059164935941807925,
            "count": 4853
        },
        "Car.Losses.PolicyLoss.sum": {
            "value": 0.04544761276803911,
            "min": 0.031022581280913293,
            "max": 0.059164935941807925,
            "count": 4853
        },
        "Car.Losses.ValueLoss.mean": {
            "value": 12.15226124048233,
            "min": 0.0010349803325330276,
            "max": 150.63984365463256,
            "count": 4853
        },
        "Car.Losses.ValueLoss.sum": {
            "value": 12.15226124048233,
            "min": 0.0010349803325330276,
            "max": 150.63984365463256,
            "count": 4853
        },
        "Car.Policy.LearningRate.mean": {
            "value": 1.775799411399817e-08,
            "min": 1.775799411399817e-08,
            "max": 0.000299926272024576,
            "count": 4853
        },
        "Car.Policy.LearningRate.sum": {
            "value": 1.775799411399817e-08,
            "min": 1.775799411399817e-08,
            "max": 0.000299926272024576,
            "count": 4853
        },
        "Car.Policy.Epsilon.mean": {
            "value": 0.100005886,
            "min": 0.100005886,
            "max": 0.19997542399999996,
            "count": 4853
        },
        "Car.Policy.Epsilon.sum": {
            "value": 0.100005886,
            "min": 0.100005886,
            "max": 0.19997542399999996,
            "count": 4853
        },
        "Car.Policy.Beta.mean": {
            "value": 1.0588011399999938e-05,
            "min": 1.0588011399999938e-05,
            "max": 0.009997544857599999,
            "count": 4853
        },
        "Car.Policy.Beta.sum": {
            "value": 1.0588011399999938e-05,
            "min": 1.0588011399999938e-05,
            "max": 0.009997544857599999,
            "count": 4853
        },
        "Car.Environment.EpisodeLength.mean": {
            "value": 7873.5,
            "min": 36.0,
            "max": 39455.5,
            "count": 4576
        },
        "Car.Environment.EpisodeLength.sum": {
            "value": 15747.0,
            "min": 36.0,
            "max": 81109.0,
            "count": 4576
        },
        "Car.Environment.CumulativeReward.mean": {
            "value": 8336.619952415116,
            "min": -123.67671828508537,
            "max": 43931.6784260273,
            "count": 4574
        },
        "Car.Environment.CumulativeReward.sum": {
            "value": 16673.239904830232,
            "min": -131.24341559410095,
            "max": 88173.90638433382,
            "count": 4574
        },
        "Car.Policy.ExtrinsicReward.mean": {
            "value": 8336.619952415116,
            "min": -123.67671828508537,
            "max": 43931.6784260273,
            "count": 4574
        },
        "Car.Policy.ExtrinsicReward.sum": {
            "value": 16673.239904830232,
            "min": -131.24341559410095,
            "max": 88173.90638433382,
            "count": 4574
        }
    },
    "metadata": {
        "timer_format_version": "0.1.0",
        "start_time_seconds": "1697060417",
        "python_version": "3.9.18 (main, Aug 25 2023, 13:20:14) \n[GCC 11.4.0]",
        "command_line_arguments": "/home/toldo/Desktop/UniPD/AI/venv/bin/mlagents-learn ./config/car_unipd_3layer_linear_50m.yaml --run-id=AI-UniPD-3layer-50m --torch-device=cuda --width 1024 --height 768 --env game/train_env.x86_64 --no-graphics --time-scale 5 --seed 100 --base-port 5005",
        "mlagents_version": "0.30.0",
        "mlagents_envs_version": "0.30.0",
        "communication_protocol_version": "1.5.0",
        "pytorch_version": "1.11.0+cu102",
        "numpy_version": "1.21.2",
        "end_time_seconds": "1697102546"
    },
    "total": 42129.258844798,
    "count": 1,
    "self": 0.9294897940053488,
    "children": {
        "run_training.setup": {
            "total": 0.02446757899815566,
            "count": 1,
            "self": 0.02446757899815566
        },
        "TrainerController.start_learning": {
            "total": 42128.304887425,
            "count": 1,
            "self": 29.135435095449793,
            "children": {
                "TrainerController._reset_env": {
                    "total": 3.036279715997807,
                    "count": 1,
                    "self": 3.036279715997807
                },
                "TrainerController.advance": {
                    "total": 42096.01137696955,
                    "count": 1041696,
                    "self": 29.504434308873897,
                    "children": {
                        "env_step": {
                            "total": 15396.73317730453,
                            "count": 1041696,
                            "self": 12976.980303325741,
                            "children": {
                                "SubprocessEnvManager._take_step": {
                                    "total": 2403.607681644902,
                                    "count": 1041696,
                                    "self": 101.41070061070059,
                                    "children": {
                                        "TorchPolicy.evaluate": {
                                            "total": 2302.1969810342016,
                                            "count": 1041696,
                                            "self": 2302.1969810342016
                                        }
                                    }
                                },
                                "workers": {
                                    "total": 16.14519233388637,
                                    "count": 1041696,
                                    "self": 0.0,
                                    "children": {
                                        "worker_root": {
                                            "total": 42093.91936811606,
                                            "count": 1041696,
                                            "is_parallel": true,
                                            "self": 31999.370337923545,
                                            "children": {
                                                "run_training.setup": {
                                                    "total": 0.0,
                                                    "count": 0,
                                                    "is_parallel": true,