{
    "name": "root",
    "gauges": {
        "Car.Policy.Entropy.mean": {
            "value": 2.1928231716156006,
            "min": 1.9615272283554077,
            "max": 2.196944236755371,
            "count": 139
        },
        "Car.Policy.Entropy.sum": {
            "value": 21928.232421875,
            "min": 18359.89453125,
            "max": 26967.1484375,
            "count": 139
        },
        "Car.Step.mean": {
            "value": 1389950.0,
            "min": 9984.0,
            "max": 1389950.0,
            "count": 139
        },
        "Car.Step.sum": {
            "value": 1389950.0,
            "min": 9984.0,
            "max": 1389950.0,
            "count": 139
        },
        "Car.Policy.ExtrinsicValueEstimate.mean": {
            "value": -0.13740673661231995,
            "min": -0.31976377964019775,
            "max": 1.284714937210083,
            "count": 139
        },
        "Car.Policy.ExtrinsicValueEstimate.sum": {
            "value": -21.985076904296875,
            "min": -51.80173110961914,
            "max": 200.41552734375,
            "count": 139
        },
        "Car.IsTraining.mean": {
            "value": 1.0,
            "min": 1.0,
            "max": 1.0,
            "count": 139
        },
        "Car.IsTraining.sum": {
            "value": 1.0,
            "min": 1.0,
            "max": 1.0,
            "count": 139
        },
        "Car.Losses.PolicyLoss.mean": {
            "value": 0.02073326911777258,
            "min": 0.016122543470313153,
            "max": 0.03181414399296045,
            "count": 134
        },
        "Car.Losses.PolicyLoss.sum": {
            "value": 0.02073326911777258,
            "min": 0.016122543470313153,
            "max": 0.03181414399296045,
            "count": 134
        },
        "Car.Losses.ValueLoss.mean": {
            "value": 0.050793826455871265,
            "min": 0.00017776034558967998,
            "max": 4.696930291752021,
            "count": 134
        },
        "Car.Losses.ValueLoss.sum": {
            "value": 0.050793826455871265,
            "min": 0.00017776034558967998,
            "max": 4.696930291752021,
            "count": 134
        },
        "Car.Policy.LearningRate.mean": {
            "value": 0.014464508027677458,
            "min": 0.014464508027677458,
            "max": 0.019950848000245755,
            "count": 134
        },
        "Car.Policy.LearningRate.sum": {
            "value": 0.014464508027677458,
            "min": 0.014464508027677458,
            "max": 0.019950848000245755,
            "count": 134
        },
        "Car.Policy.Epsilon.mean": {
            "value": 0.38929016,
            "min": 0.38929016,
            "max": 0.4990169599999999,
            "count": 134
        },
        "Car.Policy.Epsilon.sum": {
            "value": 0.38929016,
            "min": 0.38929016,
            "max": 0.4990169599999999,
            "count": 134
        },
        "Car.Policy.Beta.mean": {
            "value": 0.14464784774599998,
            "min": 0.14464784774599998,
            "max": 0.19950850457600006,
            "count": 134
        },
        "Car.Policy.Beta.sum": {
            "value": 0.14464784774599998,
            "min": 0.14464784774599998,
            "max": 0.19950850457600006,
            "count": 134
        },
        "Car.Environment.EpisodeLength.mean": {
            "value": 514.6111111111111,
            "min": 157.54166666666666,
            "max": 616.9230769230769,
            "count": 138
        },
        "Car.Environment.EpisodeLength.sum": {
            "value": 9263.0,
            "min": 440.0,
            "max": 25147.0,
            "count": 138
        },
        "Car.Environment.CumulativeReward.mean": {
            "value": -0.5294117647058824,
            "min": -10.0,
            "max": 0.6236898899078369,
            "count": 138
        },
        "Car.Environment.CumulativeReward.sum": {
            "value": -9.0,
            "min": -205.70342183113098,
            "max": 8.0,
            "count": 138
        },
        "Car.Policy.ExtrinsicReward.mean": {
            "value": -0.5294117647058824,
            "min": -10.0,
            "max": 0.6236898899078369,
            "count": 138
        },
        "Car.Policy.ExtrinsicReward.sum": {
            "value": -9.0,
            "min": -205.70342183113098,
            "max": 8.0,
            "count": 138
        }
    },
    "metadata": {
        "timer_format_version": "0.1.0",
        "start_time_seconds": "1680539759",
        "python_version": "3.10.6 (main, Mar 10 2023, 10:55:28) [GCC 11.3.0]",
        "command_line_arguments": "/home/toldo/Desktop/ULB/AI/NNRL-car/venv/bin/mlagents-learn config/car.yaml --run-id=Test5-no-forward-reward",
        "mlagents_version": "0.30.0",
        "mlagents_envs_version": "0.30.0",
        "communication_protocol_version": "1.5.0",
        "pytorch_version": "1.11.0+cu102",
        "numpy_version": "1.21.2",
        "end_time_seconds": "1680540442"
    },
    "total": 682.9512440830003,
    "count": 1,
    "self": 0.00431388100150798,
    "children": {
        "run_training.setup": {
            "total": 0.007143619999624207,
            "count": 1,
            "self": 0.007143619999624207
        },
        "TrainerController.start_learning": {
            "total": 682.9397865819992,
            "count": 1,
            "self": 0.640966853034115,
            "children": {
                "TrainerController._reset_env": {
                    "total": 12.09032834699974,
                    "count": 1,
                    "self": 12.09032834699974
                },
                "TrainerController.advance": {
                    "total": 670.1627131669647,
                    "count": 46728,
                    "self": 0.5730119239797205,
                    "children": {
                        "env_step": {
                            "total": 365.469361707972,
                            "count": 46728,
                            "self": 330.5252557508102,
                            "children": {
                                "SubprocessEnvManager._take_step": {
                                    "total": 34.56178235399602,
                                    "count": 46728,
                                    "self": 1.9364344698769855,
                                    "children": {
                                        "TorchPolicy.evaluate": {
                                            "total": 32.62534788411904,
                                            "count": 46728,
                                            "self": 32.62534788411904
                                        }
                                    }
                                },
                                "workers": {
                                    "total": 0.38232360316578706,
                                    "count": 46727,
                                    "self": 0.0,
                                    "children": {
                                        "worker_root": {
                                            "total": 682.1343159370754,
                                            "count": 46727,
                                            "is_parallel": true,
                                            "self": 402.28045882102197,
                                            "children": {
                                                "run_training.setup": {
                                                    "total": 0.0,
                                                    "count": 0,
                                                    "is_parallel": true,
                                                    "self": 0.0,