{
    "name": "root",
    "gauges": {
        "Car.Policy.Entropy.mean": {
            "value": 1.4032617807388306,
            "min": 1.4032617807388306,
            "max": 2.162008762359619,
            "count": 10
        },
        "Car.Policy.Entropy.sum": {
            "value": 70118.1875,
            "min": 70118.1875,
            "max": 111870.984375,
            "count": 10
        },
        "Car.Step.mean": {
            "value": 499973.0,
            "min": 49969.0,
            "max": 499973.0,
            "count": 10
        },
        "Car.Step.sum": {
            "value": 499973.0,
            "min": 49969.0,
            "max": 499973.0,
            "count": 10
        },
        "Car.Policy.ExtrinsicValueEstimate.mean": {
            "value": -0.27731674909591675,
            "min": -0.4560476839542389,
            "max": 0.2119969129562378,
            "count": 10
        },
        "Car.Policy.ExtrinsicValueEstimate.sum": {
            "value": -217.4163360595703,
            "min": -357.5413818359375,
            "max": 169.5975341796875,
            "count": 10
        },
        "Car.Losses.PolicyLoss.mean": {
            "value": 0.021826510800359147,
            "min": 0.02181775914505124,
            "max": 0.025057982851285486,
            "count": 10
        },
        "Car.Losses.PolicyLoss.sum": {
            "value": 0.10913255400179574,
            "min": 0.08727103658020496,
            "max": 0.12528991425642744,
            "count": 10
        },
        "Car.Losses.ValueLoss.mean": {
            "value": 0.08625789104572808,
            "min": 0.03324310047086328,
            "max": 0.7708635590556595,
            "count": 10
        },
        "Car.Losses.ValueLoss.sum": {
            "value": 0.4312894552286404,
            "min": 0.1662155023543164,
            "max": 3.083454236222638,
            "count": 10
        },
        "Car.Policy.LearningRate.mean": {
            "value": 1.3177775607440003e-05,
            "min": 1.3177775607440003e-05,
            "max": 0.00028244040585319996,
            "count": 10
        },
        "Car.Policy.LearningRate.sum": {
            "value": 6.588887803720001e-05,
            "min": 6.588887803720001e-05,
            "max": 0.0012715704761432,
            "count": 10
        },
        "Car.Policy.Epsilon.mean": {
            "value": 0.10439256,
            "min": 0.10439256,
            "max": 0.1941468,
            "count": 10
        },
        "Car.Policy.Epsilon.sum": {
            "value": 0.5219628,
            "min": 0.5219628,
            "max": 0.9238568,
            "count": 10
        },
        "Car.Policy.Beta.mean": {
            "value": 0.00022918874400000008,
            "min": 0.00022918874400000008,
            "max": 0.00470792532,
            "count": 10
        },
        "Car.Policy.Beta.sum": {
            "value": 0.0011459437200000003,
            "min": 0.0011459437200000003,
            "max": 0.02120045432,
            "count": 10
        },
        "Car.Environment.EpisodeLength.mean": {
            "value": 3716.2,
            "min": 684.7906976744187,
            "max": 4752.0,
            "count": 10
        },
        "Car.Environment.EpisodeLength.sum": {
            "value": 18581.0,
            "min": 9504.0,
            "max": 42921.0,
            "count": 10
        },
        "Car.Environment.CumulativeReward.mean": {
            "value": -9.4,
            "min": -10.0,
            "max": -9.083333333333334,
            "count": 10
        },
        "Car.Environment.CumulativeReward.sum": {
            "value": -47.0,
            "min": -426.0,
            "max": -20.0,
            "count": 10
        },
        "Car.Policy.ExtrinsicReward.mean": {
            "value": -9.4,
            "min": -10.0,
            "max": -9.083333333333334,
            "count": 10
        },
        "Car.Policy.ExtrinsicReward.sum": {
            "value": -47.0,
            "min": -426.0,
            "max": -20.0,
            "count": 10
        },
        "Car.IsTraining.mean": {
            "value": 1.0,
            "min": 1.0,
            "max": 1.0,
            "count": 10
        },
        "Car.IsTraining.sum": {
            "value": 1.0,
            "min": 1.0,
            "max": 1.0,
            "count": 10
        }
    },
    "metadata": {
        "timer_format_version": "0.1.0",
        "start_time_seconds": "1680463384",
        "python_version": "3.10.6 (main, Mar 10 2023, 10:55:28) [GCC 11.3.0]",
        "command_line_arguments": "/home/toldo/Desktop/ULB/AI/NNRL-car/venv/bin/mlagents-learn --run-id=Test1-no-dist-rew",
        "mlagents_version": "0.30.0",
        "mlagents_envs_version": "0.30.0",
        "communication_protocol_version": "1.5.0",
        "pytorch_version": "1.11.0+cu102",
        "numpy_version": "1.21.2",
        "end_time_seconds": "1680463607"
    },
    "total": 223.02787206500216,
    "count": 1,
    "self": 0.004946616001689108,
    "children": {
        "run_training.setup": {
            "total": 0.0077276800002437085,
            "count": 1,
            "self": 0.0077276800002437085
        },
        "TrainerController.start_learning": {
            "total": 223.01519776900022,
            "count": 1,
            "self": 0.16167087623034604,
            "children": {
                "TrainerController._reset_env": {
                    "total": 6.798687655998947,
                    "count": 1,
                    "self": 6.798687655998947
                },
                "TrainerController.advance": {
                    "total": 216.0094843267725,
                    "count": 10450,
                    "self": 0.1357125425893173,
                    "children": {
                        "env_step": {
                            "total": 101.71006661100182,
                            "count": 10450,
                            "self": 93.37784902990097,
                            "children": {
                                "SubprocessEnvManager._take_step": {
                                    "total": 8.243372172120871,
                                    "count": 10450,
                                    "self": 0.492006343218236,
                                    "children": {
                                        "TorchPolicy.evaluate": {
                                            "total": 7.751365828902635,
                                            "count": 10450,
                                            "self": 7.751365828902635
                                        }
                                    }
                                },
                                "workers": {
                                    "total": 0.08884540897997795,
                                    "count": 10450,
                                    "self": 0.0,
                                    "children": {
                                        "worker_root": {
                                            "total": 222.7410191160452,
                                            "count": 10450,
                                            "is_parallel": true,
                                            "self": 144.58031112677054,
                                            "children": {
                                                "run_training.setup": {
                                                    "total": 0.0,
                                                    "count": 0,
                                                    "is_parallel": true,
                                                    "self": 0.0,
                                                    "children": {
                                                        "steps_from_proto": {
                                                            "total": 0.0010622119989420753,
                                                            "count": 1,