{
    "name": "root",
    "gauges": {
        "Car.Policy.Entropy.mean": {
            "value": 1.0870853662490845,
            "min": 0.99148029088974,
            "max": 2.192383050918579,
            "count": 265
        },
        "Car.Policy.Entropy.sum": {
            "value": 11375.2607421875,
            "min": 9590.533203125,
            "max": 26940.00390625,
            "count": 265
        },
        "Car.Step.mean": {
            "value": 2649978.0,
            "min": 9984.0,
            "max": 2649978.0,
            "count": 265
        },
        "Car.Step.sum": {
            "value": 2649978.0,
            "min": 9984.0,
            "max": 2649978.0,
            "count": 265
        },
        "Car.Policy.ExtrinsicValueEstimate.mean": {
            "value": -0.22203394770622253,
            "min": -0.385640025138855,
            "max": 2.670466423034668,
            "count": 265
        },
        "Car.Policy.ExtrinsicValueEstimate.sum": {
            "value": -35.52543258666992,
            "min": -62.088043212890625,
            "max": 419.26324462890625,
            "count": 265
        },
        "Car.IsTraining.mean": {
            "value": 1.0,
            "min": 1.0,
            "max": 1.0,
            "count": 265
        },
        "Car.IsTraining.sum": {
            "value": 1.0,
            "min": 1.0,
            "max": 1.0,
            "count": 265
        },
        "Car.Losses.PolicyLoss.mean": {
            "value": 0.021786465107773743,
            "min": 0.01480517698219046,
            "max": 0.03591658997659882,
            "count": 256
        },
        "Car.Losses.PolicyLoss.sum": {
            "value": 0.021786465107773743,
            "min": 0.01480517698219046,
            "max": 0.03591658997659882,
            "count": 256
        },
        "Car.Losses.ValueLoss.mean": {
            "value": 5.4038655556117494e-05,
            "min": 5.4038655556117494e-05,
            "max": 1.5854517636877117,
            "count": 256
        },
        "Car.Losses.ValueLoss.sum": {
            "value": 5.4038655556117494e-05,
            "min": 5.4038655556117494e-05,
            "max": 1.5854517636877117,
            "count": 256
        },
        "Car.Policy.LearningRate.mean": {
            "value": 0.00014123081292308004,
            "min": 0.00014123081292308004,
            "max": 0.00029926272024576007,
            "count": 256
        },
        "Car.Policy.LearningRate.sum": {
            "value": 0.00014123081292308004,
            "min": 0.00014123081292308004,
            "max": 0.00029926272024576007,
            "count": 256
        },
        "Car.Policy.Epsilon.mean": {
            "value": 0.14707692,
            "min": 0.14707692,
            "max": 0.19975424,
            "count": 256
        },
        "Car.Policy.Epsilon.sum": {
            "value": 0.14707692,
            "min": 0.14707692,
            "max": 0.19975424,
            "count": 256
        },
        "Car.Policy.Beta.mean": {
            "value": 0.0023591383079999994,
            "min": 0.0023591383079999994,
            "max": 0.004987736576,
            "count": 256
        },
        "Car.Policy.Beta.sum": {
            "value": 0.0023591383079999994,
            "min": 0.0023591383079999994,
            "max": 0.004987736576,
            "count": 256
        },
        "Car.Environment.EpisodeLength.mean": {
            "value": 499.0,
            "min": 246.5,
            "max": 595.2307692307693,
            "count": 264
        },
        "Car.Environment.EpisodeLength.sum": {
            "value": 10479.0,
            "min": 850.0,
            "max": 22887.0,
            "count": 264
        },
        "Car.Environment.CumulativeReward.mean": {
            "value": -1.0,
            "min": -10.0,
            "max": -0.21052631578947367,
            "count": 264
        },
        "Car.Environment.CumulativeReward.sum": {
            "value": -20.0,
            "min": -123.0,
            "max": -3.9539083940908313,
            "count": 264
        },
        "Car.Policy.ExtrinsicReward.mean": {
            "value": -1.0,
            "min": -10.0,
            "max": -0.21052631578947367,
            "count": 264
        },
        "Car.Policy.ExtrinsicReward.sum": {
            "value": -20.0,
            "min": -123.0,
            "max": -3.9539083940908313,
            "count": 264
        }
    },
    "metadata": {
        "timer_format_version": "0.1.0",
        "start_time_seconds": "1680532374",
        "python_version": "3.10.6 (main, Mar 10 2023, 10:55:28) [GCC 11.3.0]",
        "command_line_arguments": "/home/toldo/Desktop/ULB/AI/NNRL-car/venv/bin/mlagents-learn config/car.yaml --run-id=Test1",
        "mlagents_version": "0.30.0",
        "mlagents_envs_version": "0.30.0",
        "communication_protocol_version": "1.5.0",
        "pytorch_version": "1.11.0+cu102",
        "numpy_version": "1.21.2",
        "end_time_seconds": "1680533615"
    },
    "total": 1241.5411020809997,
    "count": 1,
    "self": 0.005254259999674105,
    "children": {
        "run_training.setup": {
            "total": 0.007307107999622531,
            "count": 1,
            "self": 0.007307107999622531
        },
        "TrainerController.start_learning": {
            "total": 1241.5285407130004,
            "count": 1,
            "self": 0.8741929039961178,
            "children": {
                "TrainerController._reset_env": {
                    "total": 4.838239897000676,
                    "count": 1,
                    "self": 4.838239897000676
                },
                "TrainerController.advance": {
                    "total": 1235.7635883120038,
                    "count": 55375,
                    "self": 0.7476151350947475,
                    "children": {
                        "env_step": {
                            "total": 603.533543766891,
                            "count": 55375,
                            "self": 557.412261636784,
                            "children": {
                                "SubprocessEnvManager._take_step": {
                                    "total": 45.63535825708277,
                                    "count": 55375,
                                    "self": 2.647309757982839,
                                    "children": {
                                        "TorchPolicy.evaluate": {
                                            "total": 42.98804849909993,
                                            "count": 55375,
                                            "self": 42.98804849909993
                                        }
                                    }
                                },
                                "workers": {
                                    "total": 0.48592387302414863,
                                    "count": 55375,
                                    "self": 0.0,
                                    "children": {
                                        "worker_root": {
                                            "total": 1239.4746714060457,
                                            "count": 55375,
                                            "is_parallel": true,
                                            "self": 764.875182297048,
                                            "children": {
                                                "run_training.setup": {
                                                    "total": 0.0,
                                                    "count": 0,
                                                    "is_parallel": true,
                                                    "self": 0.0,
                                                    "children": {
                                                        "steps_from_proto": {
                                                            "total": 0.0009307000000262633,