{
    "name": "root",
    "gauges": {
        "Car.Policy.Entropy.mean": {
            "value": 2.0378289222717285,
            "min": 1.9883997440338135,
            "max": 2.1340949535369873,
            "count": 10
        },
        "Car.Policy.Entropy.sum": {
            "value": 101924.0546875,
            "min": 99012.0078125,
            "max": 111450.96875,
            "count": 10
        },
        "Car.Step.mean": {
            "value": 499995.0,
            "min": 49982.0,
            "max": 499995.0,
            "count": 10
        },
        "Car.Step.sum": {
            "value": 499995.0,
            "min": 49982.0,
            "max": 499995.0,
            "count": 10
        },
        "Car.Policy.ExtrinsicValueEstimate.mean": {
            "value": -0.7535282373428345,
            "min": -0.7535282373428345,
            "max": 3.297373056411743,
            "count": 10
        },
        "Car.Policy.ExtrinsicValueEstimate.sum": {
            "value": -648.0343017578125,
            "min": -648.0343017578125,
            "max": 2611.51953125,
            "count": 10
        },
        "Car.Losses.PolicyLoss.mean": {
            "value": 0.02482070697316279,
            "min": 0.02342998587914432,
            "max": 0.025624991525458454,
            "count": 10
        },
        "Car.Losses.PolicyLoss.sum": {
            "value": 0.12410353486581395,
            "min": 0.09488154683412625,
            "max": 0.1245220715723311,
            "count": 10
        },
        "Car.Losses.ValueLoss.mean": {
            "value": 179073.12279668573,
            "min": 0.49865481029311665,
            "max": 179073.12279668573,
            "count": 10
        },
        "Car.Losses.ValueLoss.sum": {
            "value": 895365.6139834286,
            "min": 1.9946192411724666,
            "max": 895365.6139834286,
            "count": 10
        },
        "Car.Policy.LearningRate.mean": {
            "value": 1.549497483504e-05,
            "min": 1.549497483504e-05,
            "max": 0.00028165560611479996,
            "count": 10
        },
        "Car.Policy.LearningRate.sum": {
            "value": 7.74748741752e-05,
            "min": 7.74748741752e-05,
            "max": 0.0011282893239035999,
            "count": 10
        },
        "Car.Policy.Epsilon.mean": {
            "value": 0.10516496,
            "min": 0.10516496,
            "max": 0.19388519999999998,
            "count": 10
        },
        "Car.Policy.Epsilon.sum": {
            "value": 0.5258248,
            "min": 0.5258248,
            "max": 0.8760964000000002,
            "count": 10
        },
        "Car.Policy.Beta.mean": {
            "value": 0.000267731504,
            "min": 0.000267731504,
            "max": 0.0046948714800000005,
            "count": 10
        },
        "Car.Policy.Beta.sum": {
            "value": 0.00133865752,
            "min": 0.00133865752,
            "max": 0.018817210360000003,
            "count": 10
        },
        "Car.Environment.EpisodeLength.mean": {
            "value": 283.17088607594934,
            "min": 193.75409836065575,
            "max": 1754.5757575757575,
            "count": 10
        },
        "Car.Environment.EpisodeLength.sum": {
            "value": 44741.0,
            "min": 16875.0,
            "max": 72995.0,
            "count": 10
        },
        "Car.Environment.CumulativeReward.mean": {
            "value": -205.11404474057798,
            "min": -205.11404474057798,
            "max": 6.6926458619395275,
            "count": 10
        },
        "Car.Environment.CumulativeReward.sum": {
            "value": -32408.019069011323,
            "min": -32408.019069011323,
            "max": 993.444325806573,
            "count": 10
        },
        "Car.Policy.ExtrinsicReward.mean": {
            "value": -205.11404474057798,
            "min": -205.11404474057798,
            "max": 6.6926458619395275,
            "count": 10
        },
        "Car.Policy.ExtrinsicReward.sum": {
            "value": -32408.019069011323,
            "min": -32408.019069011323,
            "max": 993.444325806573,
            "count": 10
        },
        "Car.IsTraining.mean": {
            "value": 1.0,
            "min": 1.0,
            "max": 1.0,
            "count": 10
        },
        "Car.IsTraining.sum": {
            "value": 1.0,
            "min": 1.0,
            "max": 1.0,
            "count": 10
        }
    },
    "metadata": {
        "timer_format_version": "0.1.0",
        "start_time_seconds": "1680465704",
        "python_version": "3.10.6 (main, Mar 10 2023, 10:55:28) [GCC 11.3.0]",
        "command_line_arguments": "/home/toldo/Desktop/ULB/AI/NNRL-car/venv/bin/mlagents-learn --initialize-from=Test1-no-dist-rew --run-id=Test4-from-Test1",
        "mlagents_version": "0.30.0",
        "mlagents_envs_version": "0.30.0",
        "communication_protocol_version": "1.5.0",
        "pytorch_version": "1.11.0+cu102",
        "numpy_version": "1.21.2",
        "end_time_seconds": "1680465934"
    },
    "total": 230.025144680003,
    "count": 1,
    "self": 0.004287499003112316,
    "children": {
        "run_training.setup": {
            "total": 0.0073500770013197325,
            "count": 1,
            "self": 0.0073500770013197325
        },
        "TrainerController.start_learning": {
            "total": 230.01350710399856,
            "count": 1,
            "self": 0.14915200654650107,
            "children": {
                "TrainerController._reset_env": {
                    "total": 9.336724585999036,
                    "count": 1,
                    "self": 9.336724585999036
                },
                "TrainerController.advance": {
                    "total": 220.48528370144777,
                    "count": 10448,
                    "self": 0.13481543589296052,
                    "children": {
                        "env_step": {
                            "total": 110.40059625380673,
                            "count": 10448,
                            "self": 102.03937420120928,
                            "children": {
                                "SubprocessEnvManager._take_step": {
                                    "total": 8.272230905422475,
                                    "count": 10448,
                                    "self": 0.48803000512270955,
                                    "children": {
                                        "TorchPolicy.evaluate": {
                                            "total": 7.784200900299766,
                                            "count": 10448,
                                            "self": 7.784200900299766
                                        }
                                    }
                                },
                                "workers": {
                                    "total": 0.08899114717496559,
                                    "count": 10448,
                                    "self": 0.0,
                                    "children": {
                                        "worker_root": {
                                            "total": 229.7165099181948,
                                            "count": 10448,
                                            "is_parallel": true,
                                            "self": 142.63094960604212,
                                            "children": {
                                                "run_training.setup": {
                                                    "total": 0.0,
                                                    "count": 0,
                                                    "is_parallel": true,
                                                    "self": 0.0,