{
    "name": "root",
    "gauges": {
        "Car.Policy.Entropy.mean": {
            "value": 1.180888295173645,
            "min": 0.9965021014213562,
            "max": 2.1905295848846436,
            "count": 500
        },
        "Car.Policy.Entropy.sum": {
            "value": 11676.623046875,
            "min": 9781.279296875,
            "max": 26917.2265625,
            "count": 500
        },
        "Car.Step.mean": {
            "value": 4999982.0,
            "min": 9967.0,
            "max": 4999982.0,
            "count": 500
        },
        "Car.Step.sum": {
            "value": 4999982.0,
            "min": 9967.0,
            "max": 4999982.0,
            "count": 500
        },
        "Car.Policy.ExtrinsicValueEstimate.mean": {
            "value": 9.741477012634277,
            "min": -0.6141067147254944,
            "max": 14.44692611694336,
            "count": 500
        },
        "Car.Policy.ExtrinsicValueEstimate.sum": {
            "value": 1626.82666015625,
            "min": -98.87118530273438,
            "max": 2369.2958984375,
            "count": 500
        },
        "Car.Environment.EpisodeLength.mean": {
            "value": 500.7142857142857,
            "min": 238.0,
            "max": 726.8571428571429,
            "count": 499
        },
        "Car.Environment.EpisodeLength.sum": {
            "value": 10515.0,
            "min": 238.0,
            "max": 22745.0,
            "count": 499
        },
        "Car.Environment.CumulativeReward.mean": {
            "value": 65.87711067795753,
            "min": -10.595925331115723,
            "max": 119.02129108064315,
            "count": 500
        },
        "Car.Environment.CumulativeReward.sum": {
            "value": 1317.5422135591507,
            "min": -41.12989044189453,
            "max": 2667.6242069005966,
            "count": 500
        },
        "Car.Policy.ExtrinsicReward.mean": {
            "value": 65.87711067795753,
            "min": -10.595925331115723,
            "max": 119.02129108064315,
            "count": 500
        },
        "Car.Policy.ExtrinsicReward.sum": {
            "value": 1317.5422135591507,
            "min": -41.12989044189453,
            "max": 2667.6242069005966,
            "count": 500
        },
        "Car.IsTraining.mean": {
            "value": 1.0,
            "min": 1.0,
            "max": 1.0,
            "count": 500
        },
        "Car.IsTraining.sum": {
            "value": 1.0,
            "min": 1.0,
            "max": 1.0,
            "count": 500
        },
        "Car.Losses.PolicyLoss.mean": {
            "value": 0.048519060772378,
            "min": 0.038328208475528903,
            "max": 0.05996599221446862,
            "count": 483
        },
        "Car.Losses.PolicyLoss.sum": {
            "value": 0.048519060772378,
            "min": 0.038328208475528903,
            "max": 0.05996599221446862,
            "count": 483
        },
        "Car.Losses.ValueLoss.mean": {
            "value": 2.4768235266208647,
            "min": 0.005357281156280574,
            "max": 8.045440367857616,
            "count": 483
        },
        "Car.Losses.ValueLoss.sum": {
            "value": 2.4768235266208647,
            "min": 0.005357281156280574,
            "max": 8.045440367857616,
            "count": 483
        },
        "Car.Policy.LearningRate.mean": {
            "value": 5.567798144399872e-07,
            "min": 5.567798144399872e-07,
            "max": 0.00029926374024542005,
            "count": 483
        },
        "Car.Policy.LearningRate.sum": {
            "value": 5.567798144399872e-07,
            "min": 5.567798144399872e-07,
            "max": 0.00029926374024542005,
            "count": 483
        },
        "Car.Policy.Epsilon.mean": {
            "value": 0.10018555999999998,
            "min": 0.10018555999999998,
            "max": 0.19975458000000004,
            "count": 483
        },
        "Car.Policy.Epsilon.sum": {
            "value": 0.10018555999999998,
            "min": 0.10018555999999998,
            "max": 0.19975458000000004,
            "count": 483
        },
        "Car.Policy.Beta.mean": {
            "value": 1.0909243999999977e-05,
            "min": 1.0909243999999977e-05,
            "max": 0.000498797442,
            "count": 483
        },
        "Car.Policy.Beta.sum": {
            "value": 1.0909243999999977e-05,
            "min": 1.0909243999999977e-05,
            "max": 0.000498797442,
            "count": 483
        }
    },
    "metadata": {
        "timer_format_version": "0.1.0",
        "start_time_seconds": "1682448444",
        "python_version": "3.10.6 (main, Mar 10 2023, 10:55:28) [GCC 11.3.0]",
        "command_line_arguments": "/home/toldo/Desktop/ULB/AI/NNRL-car/venv/bin/mlagents-learn config/car_4l128n.yaml --torch-device=cuda --run-id=test4l128n",
        "mlagents_version": "0.30.0",
        "mlagents_envs_version": "0.30.0",
        "communication_protocol_version": "1.5.0",
        "pytorch_version": "1.11.0+cu113",
        "numpy_version": "1.21.2",
        "end_time_seconds": "1682450865"
    },
    "total": 2420.640262656001,
    "count": 1,
    "self": 0.009057464001671178,
    "children": {
        "run_training.setup": {
            "total": 0.008359204999578651,
            "count": 1,
            "self": 0.008359204999578651
        },
        "TrainerController.start_learning": {
            "total": 2420.622845987,
            "count": 1,
            "self": 1.7762290653299715,
            "children": {
                "TrainerController._reset_env": {
                    "total": 7.081973771000776,
                    "count": 1,
                    "self": 7.081973771000776
                },
                "TrainerController.advance": {
                    "total": 2411.7057206686695,
                    "count": 104195,
                    "self": 1.5995054511986382,
                    "children": {
                        "env_step": {
                            "total": 1289.9271107560999,
                            "count": 104195,
                            "self": 1138.2696441377957,
                            "children": {
                                "SubprocessEnvManager._take_step": {
                                    "total": 150.60351934764185,
                                    "count": 104195,
                                    "self": 5.431507497723942,
                                    "children": {
                                        "TorchPolicy.evaluate": {
                                            "total": 145.1720118499179,
                                            "count": 104195,
                                            "self": 145.1720118499179
                                        }
                                    }
                                },
                                "workers": {
                                    "total": 1.05394727066232,
                                    "count": 104195,
                                    "self": 0.0,
                                    "children": {
                                        "worker_root": {
                                            "total": 2418.641063902771,
                                            "count": 104195,
                                            "is_parallel": true,
                                            "self": 1444.225866658213,
                                            "children": {
                                                "run_training.setup": {
                                                    "total": 0.0,
                                                    "count": 0,
                                                    "is_parallel": true,
                                                    "self": 0.0,