{
    "name": "root",
    "gauges": {
        "Car.Policy.Entropy.mean": {
            "value": 1.0277422666549683,
            "min": 0.7492995858192444,
            "max": 2.195282220840454,
            "count": 296
        },
        "Car.Policy.Entropy.sum": {
            "value": 10260.978515625,
            "min": 7520.126953125,
            "max": 26975.626953125,
            "count": 296
        },
        "Car.Step.mean": {
            "value": 2959985.0,
            "min": 9951.0,
            "max": 2959985.0,
            "count": 296
        },
        "Car.Step.sum": {
            "value": 2959985.0,
            "min": 9951.0,
            "max": 2959985.0,
            "count": 296
        },
        "Car.Policy.ExtrinsicValueEstimate.mean": {
            "value": 346.5260925292969,
            "min": -15840.890625,
            "max": 1495.6514892578125,
            "count": 296
        },
        "Car.Policy.ExtrinsicValueEstimate.sum": {
            "value": 59949.015625,
            "min": -2898883.0,
            "max": 254260.75,
            "count": 296
        },
        "Car.Environment.EpisodeLength.mean": {
            "value": 237.51351351351352,
            "min": 134.3918918918919,
            "max": 2717.3333333333335,
            "count": 293
        },
        "Car.Environment.EpisodeLength.sum": {
            "value": 8788.0,
            "min": 158.0,
            "max": 37707.0,
            "count": 293
        },
        "Car.Environment.CumulativeReward.mean": {
            "value": -4.344779035830135,
            "min": -698928.9007970198,
            "max": 612.1004569700787,
            "count": 293
        },
        "Car.Environment.CumulativeReward.sum": {
            "value": -165.10160336154513,
            "min": -8387146.809564238,
            "max": 8569.4063975811,
            "count": 293
        },
        "Car.Policy.ExtrinsicReward.mean": {
            "value": -4.344779035830135,
            "min": -698928.9007970198,
            "max": 612.1004569700787,
            "count": 293
        },
        "Car.Policy.ExtrinsicReward.sum": {
            "value": -165.10160336154513,
            "min": -8387146.809564238,
            "max": 8569.4063975811,
            "count": 293
        },
        "Car.IsTraining.mean": {
            "value": 1.0,
            "min": 1.0,
            "max": 1.0,
            "count": 296
        },
        "Car.IsTraining.sum": {
            "value": 1.0,
            "min": 1.0,
            "max": 1.0,
            "count": 296
        },
        "Car.Losses.PolicyLoss.mean": {
            "value": 0.028012537824300427,
            "min": 0.014706735995908578,
            "max": 0.06941313560431202,
            "count": 286
        },
        "Car.Losses.PolicyLoss.sum": {
            "value": 0.028012537824300427,
            "min": 0.014706735995908578,
            "max": 0.06941313560431202,
            "count": 286
        },
        "Car.Losses.ValueLoss.mean": {
            "value": 296614.8875,
            "min": 0.3491333862145742,
            "max": 14764793588.016666,
            "count": 286
        },
        "Car.Losses.ValueLoss.sum": {
            "value": 296614.8875,
            "min": 0.3491333862145742,
            "max": 14764793588.016666,
            "count": 286
        },
        "Car.Policy.LearningRate.mean": {
            "value": 0.008182128059089359,
            "min": 0.008182128059089359,
            "max": 0.0199509800002451,
            "count": 286
        },
        "Car.Policy.LearningRate.sum": {
            "value": 0.008182128059089359,
            "min": 0.008182128059089359,
            "max": 0.0199509800002451,
            "count": 286
        },
        "Car.Policy.Epsilon.mean": {
            "value": 0.14091064000000003,
            "min": 0.14091064000000003,
            "max": 0.1997549,
            "count": 286
        },
        "Car.Policy.Epsilon.sum": {
            "value": 0.14091064000000003,
            "min": 0.14091064000000003,
            "max": 0.1997549,
            "count": 286
        },
        "Car.Policy.Beta.mean": {
            "value": 0.0020514409360000005,
            "min": 0.0020514409360000005,
            "max": 0.00498776951,
            "count": 286
        },
        "Car.Policy.Beta.sum": {
            "value": 0.0020514409360000005,
            "min": 0.0020514409360000005,
            "max": 0.00498776951,
            "count": 286
        }
    },
    "metadata": {
        "timer_format_version": "0.1.0",
        "start_time_seconds": "1680535879",
        "python_version": "3.10.6 (main, Mar 10 2023, 10:55:28) [GCC 11.3.0]",
        "command_line_arguments": "/home/toldo/Desktop/ULB/AI/NNRL-car/venv/bin/mlagents-learn config/car.yaml --run-id=Test3 --force",
        "mlagents_version": "0.30.0",
        "mlagents_envs_version": "0.30.0",
        "communication_protocol_version": "1.5.0",
        "pytorch_version": "1.11.0+cu102",
        "numpy_version": "1.21.2",
        "end_time_seconds": "1680537200"
    },
    "total": 1321.0400709920013,
    "count": 1,
    "self": 0.003376725000634906,
    "children": {
        "run_training.setup": {
            "total": 0.007070999999996275,
            "count": 1,
            "self": 0.007070999999996275
        },
        "TrainerController.start_learning": {
            "total": 1321.0296232670007,
            "count": 1,
            "self": 0.9815945909886068,
            "children": {
                "TrainerController._reset_env": {
                    "total": 9.52954853600022,
                    "count": 1,
                    "self": 9.52954853600022
                },
                "TrainerController.advance": {
                    "total": 1310.4717157150135,
                    "count": 61751,
                    "self": 0.8613306836905394,
                    "children": {
                        "env_step": {
                            "total": 643.5524771371547,
                            "count": 61751,
                            "self": 593.5986509902705,
                            "children": {
                                "SubprocessEnvManager._take_step": {
                                    "total": 49.41015040714956,
                                    "count": 61751,
                                    "self": 3.0262644673202885,
                                    "children": {
                                        "TorchPolicy.evaluate": {
                                            "total": 46.38388593982927,
                                            "count": 61751,
                                            "self": 46.38388593982927
                                        }
                                    }
                                },
                                "workers": {
                                    "total": 0.543675739734681,
                                    "count": 61750,
                                    "self": 0.0,
                                    "children": {
                                        "worker_root": {
                                            "total": 1317.8703164921462,
                                            "count": 61750,
                                            "is_parallel": true,
                                            "self": 816.6731104811352,
                                            "children": {
                                                "run_training.setup": {
                                                    "total": 0.0,
                                                    "count": 0,
                                                    "is_parallel": true,
                                                    "self": 0.0,