{
    "name": "root",
    "gauges": {
        "Car.Policy.Entropy.mean": {
            "value": 1.4136968851089478,
            "min": 1.3759815692901611,
            "max": 2.1971683502197266,
            "count": 1612
        },
        "Car.Policy.Entropy.sum": {
            "value": 13775.0625,
            "min": 13433.46484375,
            "max": 26998.8046875,
            "count": 1612
        },
        "Car.Step.mean": {
            "value": 16119965.0,
            "min": 9984.0,
            "max": 16119965.0,
            "count": 1612
        },
        "Car.Step.sum": {
            "value": 16119965.0,
            "min": 9984.0,
            "max": 16119965.0,
            "count": 1612
        },
        "Car.Policy.ExtrinsicValueEstimate.mean": {
            "value": 0.2111978530883789,
            "min": -0.5546178817749023,
            "max": 0.5104604363441467,
            "count": 1612
        },
        "Car.Policy.ExtrinsicValueEstimate.sum": {
            "value": 34.42525100708008,
            "min": -92.06656646728516,
            "max": 82.18412780761719,
            "count": 1612
        },
        "Car.IsTraining.mean": {
            "value": 1.0,
            "min": 1.0,
            "max": 1.0,
            "count": 1612
        },
        "Car.IsTraining.sum": {
            "value": 1.0,
            "min": 1.0,
            "max": 1.0,
            "count": 1612
        },
        "Car.Losses.PolicyLoss.mean": {
            "value": 0.05289050035644323,
            "min": 0.037341809497835735,
            "max": 0.06075116073091825,
            "count": 1564
        },
        "Car.Losses.PolicyLoss.sum": {
            "value": 0.05289050035644323,
            "min": 0.037341809497835735,
            "max": 0.06075116073091825,
            "count": 1564
        },
        "Car.Losses.ValueLoss.mean": {
            "value": 0.5016036019970973,
            "min": 0.0026786287053255364,
            "max": 1.897626995543639,
            "count": 1564
        },
        "Car.Losses.ValueLoss.sum": {
            "value": 0.5016036019970973,
            "min": 0.0026786287053255364,
            "max": 1.897626995543639,
            "count": 1564
        },
        "Car.Policy.LearningRate.mean": {
            "value": 5.8238285587265025e-05,
            "min": 5.8238285587265025e-05,
            "max": 0.00029981568006144,
            "count": 1564
        },
        "Car.Policy.LearningRate.sum": {
            "value": 5.8238285587265025e-05,
            "min": 5.8238285587265025e-05,
            "max": 0.00029981568006144,
            "count": 1564
        },
        "Car.Policy.Epsilon.mean": {
            "value": 0.11941273500000003,
            "min": 0.11941273500000003,
            "max": 0.19993856000000004,
            "count": 1564
        },
        "Car.Policy.Epsilon.sum": {
            "value": 0.11941273500000003,
            "min": 0.11941273500000003,
            "max": 0.19993856000000004,
            "count": 1564
        },
        "Car.Policy.Beta.mean": {
            "value": 0.0001051224015,
            "min": 0.0001051224015,
            "max": 0.000499698944,
            "count": 1564
        },
        "Car.Policy.Beta.sum": {
            "value": 0.0001051224015,
            "min": 0.0001051224015,
            "max": 0.000499698944,
            "count": 1564
        },
        "Car.Environment.EpisodeLength.mean": {
            "value": 537.6,
            "min": 305.2,
            "max": 690.1428571428571,
            "count": 1611
        },
        "Car.Environment.EpisodeLength.sum": {
            "value": 10752.0,
            "min": 344.0,
            "max": 23453.0,
            "count": 1611
        },
        "Car.Environment.CumulativeReward.mean": {
            "value": 2.5519682645797728,
            "min": -10.39428186416626,
            "max": 6.812214348997388,
            "count": 1611
        },
        "Car.Environment.CumulativeReward.sum": {
            "value": 51.03936529159546,
            "min": -68.17422771453857,
            "max": 148.72548055648804,
            "count": 1611
        },
        "Car.Policy.ExtrinsicReward.mean": {
            "value": 2.5519682645797728,
            "min": -10.39428186416626,
            "max": 6.812214348997388,
            "count": 1611
        },
        "Car.Policy.ExtrinsicReward.sum": {
            "value": 51.03936529159546,
            "min": -68.17422771453857,
            "max": 148.72548055648804,
            "count": 1611
        }
    },
    "metadata": {
        "timer_format_version": "0.1.0",
        "start_time_seconds": "1682440791",
        "python_version": "3.10.6 (main, Mar 10 2023, 10:55:28) [GCC 11.3.0]",
        "command_line_arguments": "/home/toldo/Desktop/ULB/AI/NNRL-car/venv/bin/mlagents-learn config/car_4l4n-20M.yaml --torch-device=cuda --run-id=test4l4n-20M --force",
        "mlagents_version": "0.30.0",
        "mlagents_envs_version": "0.30.0",
        "communication_protocol_version": "1.5.0",
        "pytorch_version": "1.11.0+cu113",
        "numpy_version": "1.21.2",
        "end_time_seconds": "1682448314"
    },
    "total": 7522.777773948999,
    "count": 1,
    "self": 0.0032674569974915357,
    "children": {
        "run_training.setup": {
            "total": 0.008497103000991046,
            "count": 1,
            "self": 0.008497103000991046
        },
        "TrainerController.start_learning": {
            "total": 7522.766009389001,
            "count": 1,
            "self": 5.963366643001791,
            "children": {
                "TrainerController._reset_env": {
                    "total": 7.808496732001004,
                    "count": 1,
                    "self": 7.808496732001004
                },
                "TrainerController.advance": {
                    "total": 7508.935841403998,
                    "count": 336059,
                    "self": 5.356028771808269,
                    "children": {
                        "env_step": {
                            "total": 3828.162299638665,
                            "count": 336059,
                            "self": 3326.9864043581074,
                            "children": {
                                "SubprocessEnvManager._take_step": {
                                    "total": 497.52092051544423,
                                    "count": 336059,
                                    "self": 17.92783311871426,
                                    "children": {
                                        "TorchPolicy.evaluate": {
                                            "total": 479.59308739672997,
                                            "count": 336059,
                                            "self": 479.59308739672997
                                        }
                                    }
                                },
                                "workers": {
                                    "total": 3.6549747651133657,
                                    "count": 336058,
                                    "self": 0.0,
                                    "children": {
                                        "worker_root": {
                                            "total": 7516.095946979334,
                                            "count": 336058,
                                            "is_parallel": true,
                                            "self": 4746.259812665658,
                                            "children": {
                                                "run_training.setup": {
                                                    "total": 0.0,
                                                    "count": 0,
                                                    "is_parallel": true,
                                                    "self": 0.0,