{
    "name": "root",
    "gauges": {
        "Car.Policy.Entropy.mean": {
            "value": 0.3538631796836853,
            "min": 0.3538631796836853,
            "max": 2.1088342666625977,
            "count": 10
        },
        "Car.Policy.Entropy.sum": {
            "value": 17528.966796875,
            "min": 17528.966796875,
            "max": 110131.7578125,
            "count": 10
        },
        "Car.Step.mean": {
            "value": 499938.0,
            "min": 49942.0,
            "max": 499938.0,
            "count": 10
        },
        "Car.Step.sum": {
            "value": 499938.0,
            "min": 49942.0,
            "max": 499938.0,
            "count": 10
        },
        "Car.Policy.ExtrinsicValueEstimate.mean": {
            "value": -0.019884977489709854,
            "min": -0.5826226472854614,
            "max": -0.011691954918205738,
            "count": 10
        },
        "Car.Policy.ExtrinsicValueEstimate.sum": {
            "value": -15.55005168914795,
            "min": -465.5155029296875,
            "max": -9.154800415039062,
            "count": 10
        },
        "Car.Losses.PolicyLoss.mean": {
            "value": 0.023475910674702997,
            "min": 0.023334138540861506,
            "max": 0.028774243320027988,
            "count": 10
        },
        "Car.Losses.PolicyLoss.sum": {
            "value": 0.09390364269881199,
            "min": 0.09390364269881199,
            "max": 0.14387121660013993,
            "count": 10
        },
        "Car.Losses.ValueLoss.mean": {
            "value": 0.014530371735357523,
            "min": 0.014530371735357523,
            "max": 2.401021721959114,
            "count": 10
        },
        "Car.Losses.ValueLoss.sum": {
            "value": 0.058121486941430094,
            "min": 0.058121486941430094,
            "max": 9.604086887836456,
            "count": 10
        },
        "Car.Policy.LearningRate.mean": {
            "value": 1.4610095130000007e-05,
            "min": 1.4610095130000007e-05,
            "max": 0.00028169895610034997,
            "count": 10
        },
        "Car.Policy.LearningRate.sum": {
            "value": 5.844038052000003e-05,
            "min": 5.844038052000003e-05,
            "max": 0.0011308333230556002,
            "count": 10
        },
        "Car.Policy.Epsilon.mean": {
            "value": 0.10487000000000002,
            "min": 0.10487000000000002,
            "max": 0.19389965,
            "count": 10
        },
        "Car.Policy.Epsilon.sum": {
            "value": 0.4194800000000001,
            "min": 0.4194800000000001,
            "max": 0.8769444000000001,
            "count": 10
        },
        "Car.Policy.Beta.mean": {
            "value": 0.0002530130000000002,
            "min": 0.0002530130000000002,
            "max": 0.004695592535,
            "count": 10
        },
        "Car.Policy.Beta.sum": {
            "value": 0.0010120520000000007,
            "min": 0.0010120520000000007,
            "max": 0.018859525560000003,
            "count": 10
        },
        "Car.Environment.EpisodeLength.mean": {
            "value": 1481.0,
            "min": 681.7058823529412,
            "max": 1599.75,
            "count": 10
        },
        "Car.Environment.EpisodeLength.sum": {
            "value": 1481.0,
            "min": 985.0,
            "max": 35212.0,
            "count": 10
        },
        "Car.Environment.CumulativeReward.mean": {
            "value": -5.203338402323425,
            "min": -10.675790315384374,
            "max": 0.0998718116316013,
            "count": 10
        },
        "Car.Environment.CumulativeReward.sum": {
            "value": -5.203338402323425,
            "min": -269.31070114846807,
            "max": 0.7989744930528104,
            "count": 10
        },
        "Car.Policy.ExtrinsicReward.mean": {
            "value": -5.203338402323425,
            "min": -10.675790315384374,
            "max": 0.0998718116316013,
            "count": 10
        },
        "Car.Policy.ExtrinsicReward.sum": {
            "value": -5.203338402323425,
            "min": -269.31070114846807,
            "max": 0.7989744930528104,
            "count": 10
        },
        "Car.IsTraining.mean": {
            "value": 1.0,
            "min": 1.0,
            "max": 1.0,
            "count": 10
        },
        "Car.IsTraining.sum": {
            "value": 1.0,
            "min": 1.0,
            "max": 1.0,
            "count": 10
        }
    },
    "metadata": {
        "timer_format_version": "0.1.0",
        "start_time_seconds": "1680465026",
        "python_version": "3.10.6 (main, Mar 10 2023, 10:55:28) [GCC 11.3.0]",
        "command_line_arguments": "/home/toldo/Desktop/ULB/AI/NNRL-car/venv/bin/mlagents-learn --initialize-from=Test2-distance --run-id=Test3-gate-high",
        "mlagents_version": "0.30.0",
        "mlagents_envs_version": "0.30.0",
        "communication_protocol_version": "1.5.0",
        "pytorch_version": "1.11.0+cu102",
        "numpy_version": "1.21.2",
        "end_time_seconds": "1680465268"
    },
    "total": 241.19523803700213,
    "count": 1,
    "self": 0.004169324995018542,
    "children": {
        "run_training.setup": {
            "total": 0.0070910960021137726,
            "count": 1,
            "self": 0.0070910960021137726
        },
        "TrainerController.start_learning": {
            "total": 241.183977616005,
            "count": 1,
            "self": 0.1539491822331911,
            "children": {
                "TrainerController._reset_env": {
                    "total": 6.684808840000187,
                    "count": 1,
                    "self": 6.684808840000187
                },
                "TrainerController.advance": {
                    "total": 234.30214125777275,
                    "count": 10440,
                    "self": 0.1321817387106421,
                    "children": {
                        "env_step": {
                            "total": 110.53926039967337,
                            "count": 10440,
                            "self": 102.02697007173992,
                            "children": {
                                "SubprocessEnvManager._take_step": {
                                    "total": 8.42204089599909,
                                    "count": 10440,
                                    "self": 0.49347355142162996,
                                    "children": {
                                        "TorchPolicy.evaluate": {
                                            "total": 7.928567344577459,
                                            "count": 10440,
                                            "self": 7.928567344577459
                                        }
                                    }
                                },
                                "workers": {
                                    "total": 0.0902494319343532,
                                    "count": 10440,
                                    "self": 0.0,
                                    "children": {
                                        "worker_root": {
                                            "total": 240.92043703391028,
                                            "count": 10440,
                                            "is_parallel": true,
                                            "self": 153.97614134152172,
                                            "children": {
                                                "run_training.setup": {
                                                    "total": 0.0,
                                                    "count": 0,
                                                    "is_parallel": true,
                                                    "self": 0.0,