{
    "name": "root",
    "gauges": {
        "Car.Policy.Entropy.mean": {
            "value": 1.2670781188717228e-06,
            "min": -1.375007769865988e-07,
            "max": 2.194108486175537,
            "count": 183
        },
        "Car.Policy.Entropy.sum": {
            "value": 0.012650508433580399,
            "min": -0.0013860078761354089,
            "max": 26961.205078125,
            "count": 183
        },
        "Car.Step.mean": {
            "value": 1829999.0,
            "min": 9984.0,
            "max": 1829999.0,
            "count": 183
        },
        "Car.Step.sum": {
            "value": 1829999.0,
            "min": 9984.0,
            "max": 1829999.0,
            "count": 183
        },
        "Car.Policy.ExtrinsicValueEstimate.mean": {
            "value": 0.0013205802533775568,
            "min": -0.6335877776145935,
            "max": 9.985054016113281,
            "count": 183
        },
        "Car.Policy.ExtrinsicValueEstimate.sum": {
            "value": 0.2112928330898285,
            "min": -109.61068725585938,
            "max": 1587.62353515625,
            "count": 183
        },
        "Car.IsTraining.mean": {
            "value": 1.0,
            "min": 1.0,
            "max": 1.0,
            "count": 183
        },
        "Car.IsTraining.sum": {
            "value": 1.0,
            "min": 1.0,
            "max": 1.0,
            "count": 183
        },
        "Car.Losses.PolicyLoss.mean": {
            "value": 0.022431538719683886,
            "min": 0.015686743209759393,
            "max": 0.29289663143766426,
            "count": 177
        },
        "Car.Losses.PolicyLoss.sum": {
            "value": 0.022431538719683886,
            "min": 0.015686743209759393,
            "max": 0.29289663143766426,
            "count": 177
        },
        "Car.Losses.ValueLoss.mean": {
            "value": 7.378229899283421e-06,
            "min": 5.524634351180187e-06,
            "max": 6.398724850018819,
            "count": 177
        },
        "Car.Losses.ValueLoss.sum": {
            "value": 7.378229899283421e-06,
            "min": 5.524634351180187e-06,
            "max": 6.398724850018819,
            "count": 177
        },
        "Car.Policy.LearningRate.mean": {
            "value": 0.012680516036597419,
            "min": 0.012680516036597419,
            "max": 0.019950848000245755,
            "count": 177
        },
        "Car.Policy.LearningRate.sum": {
            "value": 0.012680516036597419,
            "min": 0.012680516036597419,
            "max": 0.019950848000245755,
            "count": 177
        },
        "Car.Policy.Epsilon.mean": {
            "value": 0.16340257999999996,
            "min": 0.16340257999999996,
            "max": 0.19975424,
            "count": 177
        },
        "Car.Policy.Epsilon.sum": {
            "value": 0.16340257999999996,
            "min": 0.16340257999999996,
            "max": 0.19975424,
            "count": 177
        },
        "Car.Policy.Beta.mean": {
            "value": 0.0031737887420000004,
            "min": 0.0031737887420000004,
            "max": 0.004987736576,
            "count": 177
        },
        "Car.Policy.Beta.sum": {
            "value": 0.0031737887420000004,
            "min": 0.0031737887420000004,
            "max": 0.004987736576,
            "count": 177
        },
        "Car.Environment.EpisodeLength.mean": {
            "value": 499.0,
            "min": 142.21666666666667,
            "max": 1698.25,
            "count": 182
        },
        "Car.Environment.EpisodeLength.sum": {
            "value": 8483.0,
            "min": 1187.0,
            "max": 25417.0,
            "count": 182
        },
        "Car.Environment.CumulativeReward.mean": {
            "value": 0.005487820681403665,
            "min": -10.164315104484558,
            "max": 141.347172776858,
            "count": 182
        },
        "Car.Environment.CumulativeReward.sum": {
            "value": 0.0932929515838623,
            "min": -278.3948886394501,
            "max": 2389.507092475891,
            "count": 182
        },
        "Car.Policy.ExtrinsicReward.mean": {
            "value": 0.005487820681403665,
            "min": -10.164315104484558,
            "max": 141.347172776858,
            "count": 182
        },
        "Car.Policy.ExtrinsicReward.sum": {
            "value": 0.0932929515838623,
            "min": -278.3948886394501,
            "max": 2389.507092475891,
            "count": 182
        }
    },
    "metadata": {
        "timer_format_version": "0.1.0",
        "start_time_seconds": "1680707251",
        "python_version": "3.10.6 (main, Mar 10 2023, 10:55:28) [GCC 11.3.0]",
        "command_line_arguments": "/home/toldo/Desktop/ULB/AI/NNRL-car/venv/bin/mlagents-learn config/car.yaml --run-id=Test4-Cuda-reward-to-gate --torch-device=cuda --force",
        "mlagents_version": "0.30.0",
        "mlagents_envs_version": "0.30.0",
        "communication_protocol_version": "1.5.0",
        "pytorch_version": "1.11.0+cu113",
        "numpy_version": "1.21.2",
        "end_time_seconds": "1680708057"
    },
    "total": 805.0588046860003,
    "count": 1,
    "self": 0.0034573589991850895,
    "children": {
        "run_training.setup": {
            "total": 0.008691155000633444,
            "count": 1,
            "self": 0.008691155000633444
        },
        "TrainerController.start_learning": {
            "total": 805.0466561720004,
            "count": 1,
            "self": 0.7202998919965466,
            "children": {
                "TrainerController._reset_env": {
                    "total": 10.026787261999743,
                    "count": 1,
                    "self": 10.026787261999743
                },
                "TrainerController.advance": {
                    "total": 794.245161894004,
                    "count": 38217,
                    "self": 0.7017217700540641,
                    "children": {
                        "env_step": {
                            "total": 468.4073076900431,
                            "count": 38217,
                            "self": 410.64203280600486,
                            "children": {
                                "SubprocessEnvManager._take_step": {
                                    "total": 57.334411243084105,
                                    "count": 38217,
                                    "self": 2.1025179960151945,
                                    "children": {
                                        "TorchPolicy.evaluate": {
                                            "total": 55.23189324706891,
                                            "count": 38217,
                                            "self": 55.23189324706891
                                        }
                                    }
                                },
                                "workers": {
                                    "total": 0.43086364095415774,
                                    "count": 38216,
                                    "self": 0.0,
                                    "children": {
                                        "worker_root": {
                                            "total": 802.4209068168848,
                                            "count": 38216,
                                            "is_parallel": true,
                                            "self": 455.7597698338641,
                                            "children": {
                                                "run_training.setup": {
                                                    "total": 0.0,
                                                    "count": 0,
                                                    "is_parallel": true,
                                                    "self": 0.0,