{
    "name": "root",
    "gauges": {
        "Car.Policy.Entropy.mean": {
            "value": 0.42326173186302185,
            "min": 0.30816033482551575,
            "max": 2.189363718032837,
            "count": 500
        },
        "Car.Policy.Entropy.sum": {
            "value": 4103.94580078125,
            "min": 3091.46435546875,
            "max": 26902.900390625,
            "count": 500
        },
        "Car.Step.mean": {
            "value": 4999951.0,
            "min": 9987.0,
            "max": 4999951.0,
            "count": 500
        },
        "Car.Step.sum": {
            "value": 4999951.0,
            "min": 9987.0,
            "max": 4999951.0,
            "count": 500
        },
        "Car.Policy.ExtrinsicValueEstimate.mean": {
            "value": 22.998714447021484,
            "min": -0.7626163363456726,
            "max": 28.68639373779297,
            "count": 500
        },
        "Car.Policy.ExtrinsicValueEstimate.sum": {
            "value": 3610.798095703125,
            "min": -125.83169555664062,
            "max": 4503.763671875,
            "count": 500
        },
        "Car.Environment.EpisodeLength.mean": {
            "value": 1163.0,
            "min": 158.0,
            "max": 10094.0,
            "count": 487
        },
        "Car.Environment.EpisodeLength.sum": {
            "value": 4652.0,
            "min": 158.0,
            "max": 35118.0,
            "count": 487
        },
        "Car.Environment.CumulativeReward.mean": {
            "value": 225.1294583082199,
            "min": -12.316834926605225,
            "max": 2797.7455809116364,
            "count": 487
        },
        "Car.Environment.CumulativeReward.sum": {
            "value": 900.5178332328796,
            "min": -118.77047908306122,
            "max": 9828.212158799171,
            "count": 487
        },
        "Car.Policy.ExtrinsicReward.mean": {
            "value": 225.1294583082199,
            "min": -12.316834926605225,
            "max": 2797.7455809116364,
            "count": 487
        },
        "Car.Policy.ExtrinsicReward.sum": {
            "value": 900.5178332328796,
            "min": -118.77047908306122,
            "max": 9828.212158799171,
            "count": 487
        },
        "Car.IsTraining.mean": {
            "value": 1.0,
            "min": 1.0,
            "max": 1.0,
            "count": 500
        },
        "Car.IsTraining.sum": {
            "value": 1.0,
            "min": 1.0,
            "max": 1.0,
            "count": 500
        },
        "Car.Losses.PolicyLoss.mean": {
            "value": 0.04899276966849963,
            "min": 0.03865931030983726,
            "max": 0.05880263502088686,
            "count": 484
        },
        "Car.Losses.PolicyLoss.sum": {
            "value": 0.04899276966849963,
            "min": 0.03865931030983726,
            "max": 0.05880263502088686,
            "count": 484
        },
        "Car.Losses.ValueLoss.mean": {
            "value": 11.124075297514597,
            "min": 0.09119500435148993,
            "max": 22.29644954999288,
            "count": 484
        },
        "Car.Losses.ValueLoss.sum": {
            "value": 11.124075297514597,
            "min": 0.09119500435148993,
            "max": 22.29644954999288,
            "count": 484
        },
        "Car.Policy.LearningRate.mean": {
            "value": 4.705598431800059e-07,
            "min": 4.705598431800059e-07,
            "max": 0.00029926638024454003,
            "count": 484
        },
        "Car.Policy.LearningRate.sum": {
            "value": 4.705598431800059e-07,
            "min": 4.705598431800059e-07,
            "max": 0.00029926638024454003,
            "count": 484
        },
        "Car.Policy.Epsilon.mean": {
            "value": 0.10015682000000002,
            "min": 0.10015682000000002,
            "max": 0.19975546000000002,
            "count": 484
        },
        "Car.Policy.Epsilon.sum": {
            "value": 0.10015682000000002,
            "min": 0.10015682000000002,
            "max": 0.19975546000000002,
            "count": 484
        },
        "Car.Policy.Beta.mean": {
            "value": 1.0768418000000011e-05,
            "min": 1.0768418000000011e-05,
            "max": 0.000498801754,
            "count": 484
        },
        "Car.Policy.Beta.sum": {
            "value": 1.0768418000000011e-05,
            "min": 1.0768418000000011e-05,
            "max": 0.000498801754,
            "count": 484
        }
    },
    "metadata": {
        "timer_format_version": "0.1.0",
        "start_time_seconds": "1680708281",
        "python_version": "3.10.6 (main, Mar 10 2023, 10:55:28) [GCC 11.3.0]",
        "command_line_arguments": "/home/toldo/Desktop/ULB/AI/NNRL-car/venv/bin/mlagents-learn config/car.yaml --run-id=New-config --torch-device=cuda",
        "mlagents_version": "0.30.0",
        "mlagents_envs_version": "0.30.0",
        "communication_protocol_version": "1.5.0",
        "pytorch_version": "1.11.0+cu113",
        "numpy_version": "1.21.2",
        "end_time_seconds": "1680710557"
    },
    "total": 2276.406252084,
    "count": 1,
    "self": 0.013839022999491135,
    "children": {
        "run_training.setup": {
            "total": 0.008967194999968342,
            "count": 1,
            "self": 0.008967194999968342
        },
        "TrainerController.start_learning": {
            "total": 2276.3834458660003,
            "count": 1,
            "self": 1.8227110737088879,
            "children": {
                "TrainerController._reset_env": {
                    "total": 12.335845636000158,
                    "count": 1,
                    "self": 12.335845636000158
                },
                "TrainerController.advance": {
                    "total": 2262.1752639552915,
                    "count": 104195,
                    "self": 1.8405957380018663,
                    "children": {
                        "env_step": {
                            "total": 1200.549164893293,
                            "count": 104195,
                            "self": 1056.4843382005547,
                            "children": {
                                "SubprocessEnvManager._take_step": {
                                    "total": 142.9381804989698,
                                    "count": 104195,
                                    "self": 5.58352534595906,
                                    "children": {
                                        "TorchPolicy.evaluate": {
                                            "total": 137.35465515301075,
                                            "count": 104195,
                                            "self": 137.35465515301075
                                        }
                                    }
                                },
                                "workers": {
                                    "total": 1.1266461937684653,
                                    "count": 104195,
                                    "self": 0.0,
                                    "children": {
                                        "worker_root": {
                                            "total": 2274.4249840019866,
                                            "count": 104195,
                                            "is_parallel": true,
                                            "self": 1380.7109188058166,
                                            "children": {
                                                "run_training.setup": {
                                                    "total": 0.0,
                                                    "count": 0,
                                                    "is_parallel": true,
                                                    "self": 0.0,